userid,pwd,email,displayName
kgallagher2,securepasswordlol,k.gallagher@fct.unl.pt,"Kevin Gallagher"
sduarte,F1n$nVSQ)7js_~w,smd@fct.unl.pt,"SÃ©rgio Duarte"
sDent,riZv02g5@KkK&pq,s.dent@campus.fct.unl.pt,"Stew Dent"
nqxcgcicnzdtmrf,81511067495,nqxcgcicnzdtmrf@campus.fct.unl.pt,"nqxcgcicnzdtmrf"
gzmvmjzapstursn,11848775677,gzmvmjzapstursn@campus.fct.unl.pt,"gzmvmjzapstursn"
vopkyskpobomxqu,126731268083,vopkyskpobomxqu@campus.fct.unl.pt,"vopkyskpobomxqu"
hjesyllynhkbxts,38676810773,hjesyllynhkbxts@campus.fct.unl.pt,"hjesyllynhkbxts"
nkqkhhkbwmobuip,7911457104100,nkqkhhkbwmobuip@campus.fct.unl.pt,"nkqkhhkbwmobuip"
rcwcuanikvpdkkq,35531208254,rcwcuanikvpdkkq@campus.fct.unl.pt,"rcwcuanikvpdkkq"
qeouyxqpawbugya,851231243764,qeouyxqpawbugya@campus.fct.unl.pt,"qeouyxqpawbugya"
rtitbnfqccjqnwu,67108359389,rtitbnfqccjqnwu@campus.fct.unl.pt,"rtitbnfqccjqnwu"
abnqgygszhpyeaa,3746569959,abnqgygszhpyeaa@campus.fct.unl.pt,"abnqgygszhpyeaa"
zrzkuxwmftafnnp,11337506497,zrzkuxwmftafnnp@campus.fct.unl.pt,"zrzkuxwmftafnnp"
hlpsetxtddffrbx,58881247061,hlpsetxtddffrbx@campus.fct.unl.pt,"hlpsetxtddffrbx"
qdktxfntqtswtiq,105961208333,qdktxfntqtswtiq@campus.fct.unl.pt,"qdktxfntqtswtiq"
qnsgvetirzoiuez,3485897396,qnsgvetirzoiuez@campus.fct.unl.pt,"qnsgvetirzoiuez"
bzjwhzfnmromdws,4599444058,bzjwhzfnmromdws@campus.fct.unl.pt,"bzjwhzfnmromdws"
pxhcbgiroitpsfl,39629011566,pxhcbgiroitpsfl@campus.fct.unl.pt,"pxhcbgiroitpsfl"
viqzkphcgdwmyty,379693116117,viqzkphcgdwmyty@campus.fct.unl.pt,"viqzkphcgdwmyty"
vgmauopqxhazdam,1213511881113,vgmauopqxhazdam@campus.fct.unl.pt,"vgmauopqxhazdam"
bqxbnzvkbezrimw,1076310571101,bqxbnzvkbezrimw@campus.fct.unl.pt,"bqxbnzvkbezrimw"
afhtmzhjkghwrqk,4989537358,afhtmzhjkghwrqk@campus.fct.unl.pt,"afhtmzhjkghwrqk"
blkvulpbcaxmshp,685310641115,blkvulpbcaxmshp@campus.fct.unl.pt,"blkvulpbcaxmshp"
zavjoeyxsuaunih,43105558758,zavjoeyxsuaunih@campus.fct.unl.pt,"zavjoeyxsuaunih"
hgezlxonthqxzgt,125423410175,hgezlxonthqxzgt@campus.fct.unl.pt,"hgezlxonthqxzgt"
bgftehhkqyjmrln,5611710010897,bgftehhkqyjmrln@campus.fct.unl.pt,"bgftehhkqyjmrln"
yfipvegmcoestpz,6246376993,yfipvegmcoestpz@campus.fct.unl.pt,"yfipvegmcoestpz"
cjzwgjdalvtdshx,81483712258,cjzwgjdalvtdshx@campus.fct.unl.pt,"cjzwgjdalvtdshx"
hpwtbvpuvuqrowz,42759354122,hpwtbvpuvuqrowz@campus.fct.unl.pt,"hpwtbvpuvuqrowz"
pydtjgntykpvtwy,5769989562,pydtjgntykpvtwy@campus.fct.unl.pt,"pydtjgntykpvtwy"
vrgoqqytvfgeqar,49526740122,vrgoqqytvfgeqar@campus.fct.unl.pt,"vrgoqqytvfgeqar"
cfwicyoxujtmjdn,109861159698,cfwicyoxujtmjdn@campus.fct.unl.pt,"cfwicyoxujtmjdn"
zpadbwakmoyauxe,111611158564,zpadbwakmoyauxe@campus.fct.unl.pt,"zpadbwakmoyauxe"
rfvfbmqqvfozjev,70638111772,rfvfbmqqvfozjev@campus.fct.unl.pt,"rfvfbmqqvfozjev"
bjmblnqnqtygtnj,908212310046,bjmblnqnqtygtnj@campus.fct.unl.pt,"bjmblnqnqtygtnj"
dqvbgdnhvpqjpsr,97801196064,dqvbgdnhvpqjpsr@campus.fct.unl.pt,"dqvbgdnhvpqjpsr"
bdkjxwxjczlixpc,111971104897,bdkjxwxjczlixpc@campus.fct.unl.pt,"bdkjxwxjczlixpc"
iohdcsdgcsnallu,1097271116110,iohdcsdgcsnallu@campus.fct.unl.pt,"iohdcsdgcsnallu"
bulhwqurquwjqsh,341256310278,bulhwqurquwjqsh@campus.fct.unl.pt,"bulhwqurquwjqsh"
wwtbynpmsesiyqj,421174911874,wwtbynpmsesiyqj@campus.fct.unl.pt,"wwtbynpmsesiyqj"
cpcqpeqeifejdxu,98458510967,cpcqpeqeifejdxu@campus.fct.unl.pt,"cpcqpeqeifejdxu"
upazznamanppthr,1241211149958,upazznamanppthr@campus.fct.unl.pt,"upazznamanppthr"
muerhgjevrqegfu,63106849291,muerhgjevrqegfu@campus.fct.unl.pt,"muerhgjevrqegfu"
rfxntgchkrrogdb,63334452103,rfxntgchkrrogdb@campus.fct.unl.pt,"rfxntgchkrrogdb"
goooheskatjvemc,90111124100106,goooheskatjvemc@campus.fct.unl.pt,"goooheskatjvemc"
grmejhvsyfixtph,11556736772,grmejhvsyfixtph@campus.fct.unl.pt,"grmejhvsyfixtph"
rabvccsvfdtwhax,767210163111,rabvccsvfdtwhax@campus.fct.unl.pt,"rabvccsvfdtwhax"
cgvscbwdoslscgz,111536411233,cgvscbwdoslscgz@campus.fct.unl.pt,"cgvscbwdoslscgz"
ybtxrtgncgctapx,33584610880,ybtxrtgncgctapx@campus.fct.unl.pt,"ybtxrtgncgctapx"
aydwzjumscpwuwh,891231015237,aydwzjumscpwuwh@campus.fct.unl.pt,"aydwzjumscpwuwh"
gvoncmeplvfheti,7381999256,gvoncmeplvfheti@campus.fct.unl.pt,"gvoncmeplvfheti"
mojppbazhqhkgth,988239108114,mojppbazhqhkgth@campus.fct.unl.pt,"mojppbazhqhkgth"
xjakdryjixizxyx,394011810177,xjakdryjixizxyx@campus.fct.unl.pt,"xjakdryjixizxyx"
phpusfstkvmictk,988312110593,phpusfstkvmictk@campus.fct.unl.pt,"phpusfstkvmictk"
ldgtnswogkommxp,12385758193,ldgtnswogkommxp@campus.fct.unl.pt,"ldgtnswogkommxp"
zjhibpoyycqhdcx,10479548252,zjhibpoyycqhdcx@campus.fct.unl.pt,"zjhibpoyycqhdcx"
uhfwclzglgpmvjn,6994399765,uhfwclzglgpmvjn@campus.fct.unl.pt,"uhfwclzglgpmvjn"
ygdfucypupaedwe,663771100115,ygdfucypupaedwe@campus.fct.unl.pt,"ygdfucypupaedwe"
rjghsroiueuykte,124377958108,rjghsroiueuykte@campus.fct.unl.pt,"rjghsroiueuykte"
dsfaqxdyzfgfpvn,1161041219361,dsfaqxdyzfgfpvn@campus.fct.unl.pt,"dsfaqxdyzfgfpvn"
yyoqgvezixfrdrj,65126954649,yyoqgvezixfrdrj@campus.fct.unl.pt,"yyoqgvezixfrdrj"
fbnrylxdfdcriey,46599984111,fbnrylxdfdcriey@campus.fct.unl.pt,"fbnrylxdfdcriey"
cfbzoadshzeehve,43546512345,cfbzoadshzeehve@campus.fct.unl.pt,"cfbzoadshzeehve"
mkdwuchcqjyngdh,10912584122105,mkdwuchcqjyngdh@campus.fct.unl.pt,"mkdwuchcqjyngdh"
davskvabhicccur,55698041124,davskvabhicccur@campus.fct.unl.pt,"davskvabhicccur"
nnwhdyvrjgjuriw,5744628368,nnwhdyvrjgjuriw@campus.fct.unl.pt,"nnwhdyvrjgjuriw"
bvoaoemfomrrpwi,5210610869103,bvoaoemfomrrpwi@campus.fct.unl.pt,"bvoaoemfomrrpwi"
zibqfdlycicnsaa,9573445433,zibqfdlycicnsaa@campus.fct.unl.pt,"zibqfdlycicnsaa"
erkiknhrfshzpjc,6072738475,erkiknhrfshzpjc@campus.fct.unl.pt,"erkiknhrfshzpjc"
vipyrfkjrzaljfz,85108594263,vipyrfkjrzaljfz@campus.fct.unl.pt,"vipyrfkjrzaljfz"
dwoptflmltuncpf,399711950124,dwoptflmltuncpf@campus.fct.unl.pt,"dwoptflmltuncpf"
adiwxptepvsuoxm,63539967115,adiwxptepvsuoxm@campus.fct.unl.pt,"adiwxptepvsuoxm"
ocsysruvqljybfu,8910710111547,ocsysruvqljybfu@campus.fct.unl.pt,"ocsysruvqljybfu"
ktueyqadnofrujz,46106378533,ktueyqadnofrujz@campus.fct.unl.pt,"ktueyqadnofrujz"
mxpkmpfxatsggnb,87125975649,mxpkmpfxatsggnb@campus.fct.unl.pt,"mxpkmpfxatsggnb"
hmgmsomaehgmxup,123357410249,hmgmsomaehgmxup@campus.fct.unl.pt,"hmgmsomaehgmxup"
munwvhlfftnvwmh,81676910464,munwvhlfftnvwmh@campus.fct.unl.pt,"munwvhlfftnvwmh"
raakjuygyeamuiv,98601076350,raakjuygyeamuiv@campus.fct.unl.pt,"raakjuygyeamuiv"
eymthnrwcelpnzj,121738555121,eymthnrwcelpnzj@campus.fct.unl.pt,"eymthnrwcelpnzj"
qvxwcqwfvvslxjp,35851103865,qvxwcqwfvvslxjp@campus.fct.unl.pt,"qvxwcqwfvvslxjp"
geuijjbkbchwash,5060486251,geuijjbkbchwash@campus.fct.unl.pt,"geuijjbkbchwash"
jsliztyvaijtzea,4093944348,jsliztyvaijtzea@campus.fct.unl.pt,"jsliztyvaijtzea"
feuorsnxusjqssg,651151156336,feuorsnxusjqssg@campus.fct.unl.pt,"feuorsnxusjqssg"
hsdqpibutkdezyc,86651254382,hsdqpibutkdezyc@campus.fct.unl.pt,"hsdqpibutkdezyc"
butxgsufysvhnsl,601157838121,butxgsufysvhnsl@campus.fct.unl.pt,"butxgsufysvhnsl"
kmdfdayygacmuby,58103487144,kmdfdayygacmuby@campus.fct.unl.pt,"kmdfdayygacmuby"
obrfpanzwthdzux,126102586678,obrfpanzwthdzux@campus.fct.unl.pt,"obrfpanzwthdzux"
vlqsvwfctpiekwc,120739291103,vlqsvwfctpiekwc@campus.fct.unl.pt,"vlqsvwfctpiekwc"
dvvyzpofkyxuzac,1111121174442,dvvyzpofkyxuzac@campus.fct.unl.pt,"dvvyzpofkyxuzac"
cxnaqpxnfevlobp,916112346105,cxnaqpxnfevlobp@campus.fct.unl.pt,"cxnaqpxnfevlobp"
sfpiuubhveapdct,4611711861108,sfpiuubhveapdct@campus.fct.unl.pt,"sfpiuubhveapdct"
ltbycplsadbthjq,56698562100,ltbycplsadbthjq@campus.fct.unl.pt,"ltbycplsadbthjq"
cjlzlvvgzbmqtkq,7762593583,cjlzlvvgzbmqtkq@campus.fct.unl.pt,"cjlzlvvgzbmqtkq"
czlzqigbhhudwje,123394798113,czlzqigbhhudwje@campus.fct.unl.pt,"czlzqigbhhudwje"
wcbfibcoqmlnboq,873410210352,wcbfibcoqmlnboq@campus.fct.unl.pt,"wcbfibcoqmlnboq"
fmkxmndszagqoes,8344959778,fmkxmndszagqoes@campus.fct.unl.pt,"fmkxmndszagqoes"
blppeuszaebtuwg,3756753784,blppeuszaebtuwg@campus.fct.unl.pt,"blppeuszaebtuwg"
bxswxefxjgkohpz,53114825933,bxswxefxjgkohpz@campus.fct.unl.pt,"bxswxefxjgkohpz"
dwnwzrlqmvpoqdy,10141714156,dwnwzrlqmvpoqdy@campus.fct.unl.pt,"dwnwzrlqmvpoqdy"
iyrzmivhwixukjk,85847712196,iyrzmivhwixukjk@campus.fct.unl.pt,"iyrzmivhwixukjk"
scbbgombgzcorcd,9733528096,scbbgombgzcorcd@campus.fct.unl.pt,"scbbgombgzcorcd"
jblvboquddzbjvd,7558388086,jblvboquddzbjvd@campus.fct.unl.pt,"jblvboquddzbjvd"
dgmypxpvxjjdtzx,1071191163946,dgmypxpvxjjdtzx@campus.fct.unl.pt,"dgmypxpvxjjdtzx"
smlkgdrbzfxvgau,5284495446,smlkgdrbzfxvgau@campus.fct.unl.pt,"smlkgdrbzfxvgau"
mgrliqekmavbtye,92824094100,mgrliqekmavbtye@campus.fct.unl.pt,"mgrliqekmavbtye"
gugnefrmmoeafwn,111629110761,gugnefrmmoeafwn@campus.fct.unl.pt,"gugnefrmmoeafwn"
jowonynplzxwawk,11795795685,jowonynplzxwawk@campus.fct.unl.pt,"jowonynplzxwawk"
mauqlrpcnpcinha,541085711164,mauqlrpcnpcinha@campus.fct.unl.pt,"mauqlrpcnpcinha"
snuontrdetvahgu,1105090104125,snuontrdetvahgu@campus.fct.unl.pt,"snuontrdetvahgu"
igwastywrcljrof,38777812291,igwastywrcljrof@campus.fct.unl.pt,"igwastywrcljrof"
mwewfycbfwmmqrt,46351068147,mwewfycbfwmmqrt@campus.fct.unl.pt,"mwewfycbfwmmqrt"
fxjfjzkcatybgrj,8612468108100,fxjfjzkcatybgrj@campus.fct.unl.pt,"fxjfjzkcatybgrj"
hzrzundktooockq,788196113122,hzrzundktooockq@campus.fct.unl.pt,"hzrzundktooockq"
truahemivmkqcpv,9710610312084,truahemivmkqcpv@campus.fct.unl.pt,"truahemivmkqcpv"
zdojritflrnfkqe,1221227111758,zdojritflrnfkqe@campus.fct.unl.pt,"zdojritflrnfkqe"
asjhplwvtuongsy,51883997112,asjhplwvtuongsy@campus.fct.unl.pt,"asjhplwvtuongsy"
dctuenmpwuzkcbv,997089107106,dctuenmpwuzkcbv@campus.fct.unl.pt,"dctuenmpwuzkcbv"
yueispjivwoeort,4746748256,yueispjivwoeort@campus.fct.unl.pt,"yueispjivwoeort"
kwegomobpknjvhj,105513911053,kwegomobpknjvhj@campus.fct.unl.pt,"kwegomobpknjvhj"
degyqvngrhrqyob,91649011846,degyqvngrhrqyob@campus.fct.unl.pt,"degyqvngrhrqyob"
qiuxejellkbftjl,334383116101,qiuxejellkbftjl@campus.fct.unl.pt,"qiuxejellkbftjl"
vtlooinkfvdvcbt,581121197534,vtlooinkfvdvcbt@campus.fct.unl.pt,"vtlooinkfvdvcbt"
fobwdbnqaaknuct,10271519577,fobwdbnqaaknuct@campus.fct.unl.pt,"fobwdbnqaaknuct"
rwlwfryspcsjxus,69861129877,rwlwfryspcsjxus@campus.fct.unl.pt,"rwlwfryspcsjxus"
xmbcidypgshuuuh,929511071104,xmbcidypgshuuuh@campus.fct.unl.pt,"xmbcidypgshuuuh"
nbsfqvpxkexgyez,67711209952,nbsfqvpxkexgyez@campus.fct.unl.pt,"nbsfqvpxkexgyez"
skasidfhmhouphr,457869117112,skasidfhmhouphr@campus.fct.unl.pt,"skasidfhmhouphr"
hiiubazyuehlxan,62495511696,hiiubazyuehlxan@campus.fct.unl.pt,"hiiubazyuehlxan"
xqxnthapolzgnur,551261218853,xqxnthapolzgnur@campus.fct.unl.pt,"xqxnthapolzgnur"
dscenolwdyklgui,92103849897,dscenolwdyklgui@campus.fct.unl.pt,"dscenolwdyklgui"
uoyvjrwqwcbnjso,7112311462105,uoyvjrwqwcbnjso@campus.fct.unl.pt,"uoyvjrwqwcbnjso"
dqnsrddnmqmmmfp,738111511073,dqnsrddnmqmmmfp@campus.fct.unl.pt,"dqnsrddnmqmmmfp"
xqvobdildxbszgo,57118789541,xqvobdildxbszgo@campus.fct.unl.pt,"xqvobdildxbszgo"
tyxvikkidmlpsxz,37416551122,tyxvikkidmlpsxz@campus.fct.unl.pt,"tyxvikkidmlpsxz"
azkyqrgxykgmven,1171143610779,azkyqrgxykgmven@campus.fct.unl.pt,"azkyqrgxykgmven"
hsldrguhvdjqrva,113651016538,hsldrguhvdjqrva@campus.fct.unl.pt,"hsldrguhvdjqrva"
cctsnjshqtaiugx,41106518692,cctsnjshqtaiugx@campus.fct.unl.pt,"cctsnjshqtaiugx"
mtnvkfjdhkmjoat,110106614553,mtnvkfjdhkmjoat@campus.fct.unl.pt,"mtnvkfjdhkmjoat"
zsyhzbldmaneleh,6374737554,zsyhzbldmaneleh@campus.fct.unl.pt,"zsyhzbldmaneleh"
imbeynvbyzcbzam,109965910142,imbeynvbyzcbzam@campus.fct.unl.pt,"imbeynvbyzcbzam"
dnccyhyatddobfo,7276468788,dnccyhyatddobfo@campus.fct.unl.pt,"dnccyhyatddobfo"
scxugmhgtwqeumw,3438413859,scxugmhgtwqeumw@campus.fct.unl.pt,"scxugmhgtwqeumw"
jkikeksvwebcfim,126706982108,jkikeksvwebcfim@campus.fct.unl.pt,"jkikeksvwebcfim"
skvsljnejyjzhnl,49871026744,skvsljnejyjzhnl@campus.fct.unl.pt,"skvsljnejyjzhnl"
vaeoheytgeqhnyf,4712012555123,vaeoheytgeqhnyf@campus.fct.unl.pt,"vaeoheytgeqhnyf"
aiftkmwacepgryw,506912547100,aiftkmwacepgryw@campus.fct.unl.pt,"aiftkmwacepgryw"
cgtcpradjsykftx,104105666170,cgtcpradjsykftx@campus.fct.unl.pt,"cgtcpradjsykftx"
oewqjwvzeardkoc,7645889549,oewqjwvzeardkoc@campus.fct.unl.pt,"oewqjwvzeardkoc"
tacenadmhegoxws,117869412038,tacenadmhegoxws@campus.fct.unl.pt,"tacenadmhegoxws"
lgvhdqussqbiedb,113531116581,lgvhdqussqbiedb@campus.fct.unl.pt,"lgvhdqussqbiedb"
wfgsmhblslqyvyu,57567212133,wfgsmhblslqyvyu@campus.fct.unl.pt,"wfgsmhblslqyvyu"
hvmmfmgfxmwmgxt,4182599371,hvmmfmgfxmwmgxt@campus.fct.unl.pt,"hvmmfmgfxmwmgxt"
mwbfcmmdnhswxsd,47126104119107,mwbfcmmdnhswxsd@campus.fct.unl.pt,"mwbfcmmdnhswxsd"
shcodaextejkpkm,54978752105,shcodaextejkpkm@campus.fct.unl.pt,"shcodaextejkpkm"
mwpirudmauuvscm,107751187950,mwpirudmauuvscm@campus.fct.unl.pt,"mwpirudmauuvscm"
rcpoaasejqcbwib,47601118475,rcpoaasejqcbwib@campus.fct.unl.pt,"rcpoaasejqcbwib"
cgurftlmdicevkb,8747956773,cgurftlmdicevkb@campus.fct.unl.pt,"cgurftlmdicevkb"
hxurpsqwonhritv,5811110872108,hxurpsqwonhritv@campus.fct.unl.pt,"hxurpsqwonhritv"
vkjgfupwudvheko,50113453554,vkjgfupwudvheko@campus.fct.unl.pt,"vkjgfupwudvheko"
fqqrncucwwgidrc,3843626188,fqqrncucwwgidrc@campus.fct.unl.pt,"fqqrncucwwgidrc"
bgooktutcomcwju,1061219710098,bgooktutcomcwju@campus.fct.unl.pt,"bgooktutcomcwju"
utrcfpwnctcsuyd,71619511254,utrcfpwnctcsuyd@campus.fct.unl.pt,"utrcfpwnctcsuyd"
kopbworathjnwvf,117881149767,kopbworathjnwvf@campus.fct.unl.pt,"kopbworathjnwvf"
krirrtrzhvmkuoh,794471124114,krirrtrzhvmkuoh@campus.fct.unl.pt,"krirrtrzhvmkuoh"
jgtukcqmctkvzmx,961076089107,jgtukcqmctkvzmx@campus.fct.unl.pt,"jgtukcqmctkvzmx"
vfayjkrdmuoyrqt,3812110811070,vfayjkrdmuoyrqt@campus.fct.unl.pt,"vfayjkrdmuoyrqt"
joqstihvmzclqhf,1151004896119,joqstihvmzclqhf@campus.fct.unl.pt,"joqstihvmzclqhf"
cfezwcyaempuedp,116843911835,cfezwcyaempuedp@campus.fct.unl.pt,"cfezwcyaempuedp"
psuinzukrrroapa,1261201188369,psuinzukrrroapa@campus.fct.unl.pt,"psuinzukrrroapa"
cjtskpofqqwnnkx,44731186584,cjtskpofqqwnnkx@campus.fct.unl.pt,"cjtskpofqqwnnkx"
faaaotzwriurmjb,45459110163,faaaotzwriurmjb@campus.fct.unl.pt,"faaaotzwriurmjb"
ugmjlphgaytnchk,60385911884,ugmjlphgaytnchk@campus.fct.unl.pt,"ugmjlphgaytnchk"
lglwfdtpknekdod,561229055106,lglwfdtpknekdod@campus.fct.unl.pt,"lglwfdtpknekdod"
npqyzbmskffkmgf,11311312076103,npqyzbmskffkmgf@campus.fct.unl.pt,"npqyzbmskffkmgf"
adbjfdbjenjhquw,1221066848108,adbjfdbjenjhquw@campus.fct.unl.pt,"adbjfdbjenjhquw"
qpfwkxocftyxujk,1061221209833,qpfwkxocftyxujk@campus.fct.unl.pt,"qpfwkxocftyxujk"
rejlahtabzsfyfg,95915911152,rejlahtabzsfyfg@campus.fct.unl.pt,"rejlahtabzsfyfg"
swwsbdtdffqeqvh,10343107105108,swwsbdtdffqeqvh@campus.fct.unl.pt,"swwsbdtdffqeqvh"
ejajzzwqofvmghl,7812552118100,ejajzzwqofvmghl@campus.fct.unl.pt,"ejajzzwqofvmghl"
wcpewwlmskpxezu,46719440118,wcpewwlmskpxezu@campus.fct.unl.pt,"wcpewwlmskpxezu"
iokkxfowpiiqtwb,1261241127979,iokkxfowpiiqtwb@campus.fct.unl.pt,"iokkxfowpiiqtwb"
qvsphnclsefrcyn,8540905648,qvsphnclsefrcyn@campus.fct.unl.pt,"qvsphnclsefrcyn"
tseencjtvzokijk,8812511012083,tseencjtvzokijk@campus.fct.unl.pt,"tseencjtvzokijk"
xwwjgcecbjrecsm,4463626073,xwwjgcecbjrecsm@campus.fct.unl.pt,"xwwjgcecbjrecsm"
vdhorlujjszyceo,6287534850,vdhorlujjszyceo@campus.fct.unl.pt,"vdhorlujjszyceo"
sptukxlxjuyphuk,104765244113,sptukxlxjuyphuk@campus.fct.unl.pt,"sptukxlxjuyphuk"
pjqvfigranjbmme,49446836120,pjqvfigranjbmme@campus.fct.unl.pt,"pjqvfigranjbmme"
uvicblgtremlldo,823911986102,uvicblgtremlldo@campus.fct.unl.pt,"uvicblgtremlldo"
dgxsysifqvukjvf,971044759109,dgxsysifqvukjvf@campus.fct.unl.pt,"dgxsysifqvukjvf"
wossvpwwixuylmb,119691123496,wossvpwwixuylmb@campus.fct.unl.pt,"wossvpwwixuylmb"
bzcgbbwxnlwszry,1231251026446,bzcgbbwxnlwszry@campus.fct.unl.pt,"bzcgbbwxnlwszry"
wygvduehnhldqnj,8810311812178,wygvduehnhldqnj@campus.fct.unl.pt,"wygvduehnhldqnj"
tkvbpstkcnpjdwm,7393805344,tkvbpstkcnpjdwm@campus.fct.unl.pt,"tkvbpstkcnpjdwm"
cxvpovmfeguedpc,4698115112118,cxvpovmfeguedpc@campus.fct.unl.pt,"cxvpovmfeguedpc"
xtorgurswvwxfge,83111887745,xtorgurswvwxfge@campus.fct.unl.pt,"xtorgurswvwxfge"
ouhjsuosxwcxeyq,78673663123,ouhjsuosxwcxeyq@campus.fct.unl.pt,"ouhjsuosxwcxeyq"
zkybtzowinjgmeq,981261137952,zkybtzowinjgmeq@campus.fct.unl.pt,"zkybtzowinjgmeq"
hwoegpxcvjqzyuf,82497071110,hwoegpxcvjqzyuf@campus.fct.unl.pt,"hwoegpxcvjqzyuf"
ttyebhaqvyslcer,626487119109,ttyebhaqvyslcer@campus.fct.unl.pt,"ttyebhaqvyslcer"
opndcdmcbbrtgqu,116521269862,opndcdmcbbrtgqu@campus.fct.unl.pt,"opndcdmcbbrtgqu"
iovkukhacpxtkll,11642709994,iovkukhacpxtkll@campus.fct.unl.pt,"iovkukhacpxtkll"
sarshyckwlkdtko,96921016560,sarshyckwlkdtko@campus.fct.unl.pt,"sarshyckwlkdtko"
oujqtcscqigslbv,631198244116,oujqtcscqigslbv@campus.fct.unl.pt,"oujqtcscqigslbv"
oziidrdpypsqzow,881231048861,oziidrdpypsqzow@campus.fct.unl.pt,"oziidrdpypsqzow"
uobpbghjoimxtra,79107883448,uobpbghjoimxtra@campus.fct.unl.pt,"uobpbghjoimxtra"
sibuctbybmwuflt,117609712087,sibuctbybmwuflt@campus.fct.unl.pt,"sibuctbybmwuflt"
nbyuxbnrlterogh,6640738887,nbyuxbnrlterogh@campus.fct.unl.pt,"nbyuxbnrlterogh"
mrrqmakcuvgpvtw,969797125124,mrrqmakcuvgpvtw@campus.fct.unl.pt,"mrrqmakcuvgpvtw"
srlesuqlmdqvpcp,86881006271,srlesuqlmdqvpcp@campus.fct.unl.pt,"srlesuqlmdqvpcp"
vwsraqopyuzqjxg,123110605687,vwsraqopyuzqjxg@campus.fct.unl.pt,"vwsraqopyuzqjxg"
ejuqbpxatuhamdg,795211412052,ejuqbpxatuhamdg@campus.fct.unl.pt,"ejuqbpxatuhamdg"
bzwiowaawonvfos,87961127463,bzwiowaawonvfos@campus.fct.unl.pt,"bzwiowaawonvfos"
bvpgedssjqonvno,345010083121,bvpgedssjqonvno@campus.fct.unl.pt,"bvpgedssjqonvno"
hmvjmuuzvwktbis,97110927883,hmvjmuuzvwktbis@campus.fct.unl.pt,"hmvjmuuzvwktbis"
ypapnsesjbqewmg,40971253440,ypapnsesjbqewmg@campus.fct.unl.pt,"ypapnsesjbqewmg"
ravaodvvpghdhnu,80641109252,ravaodvvpghdhnu@campus.fct.unl.pt,"ravaodvvpghdhnu"
zorsruxivtbauod,5942809494,zorsruxivtbauod@campus.fct.unl.pt,"zorsruxivtbauod"
taswakdxbldepsu,79388345119,taswakdxbldepsu@campus.fct.unl.pt,"taswakdxbldepsu"
womnrfyiczyavpg,99891003492,womnrfyiczyavpg@campus.fct.unl.pt,"womnrfyiczyavpg"
ezttedmurrcvhgg,82824440121,ezttedmurrcvhgg@campus.fct.unl.pt,"ezttedmurrcvhgg"
tntswfsxkphjuhq,43788512042,tntswfsxkphjuhq@campus.fct.unl.pt,"tntswfsxkphjuhq"
hjlpclbuyligchi,90347111579,hjlpclbuyligchi@campus.fct.unl.pt,"hjlpclbuyligchi"
mgdalcoxbdvxfvy,65531205177,mgdalcoxbdvxfvy@campus.fct.unl.pt,"mgdalcoxbdvxfvy"
epxadgjizmnprew,7065954179,epxadgjizmnprew@campus.fct.unl.pt,"epxadgjizmnprew"
dssfwlpmjmpidjp,11757376069,dssfwlpmjmpidjp@campus.fct.unl.pt,"dssfwlpmjmpidjp"
vaynhleqycwtind,955839124115,vaynhleqycwtind@campus.fct.unl.pt,"vaynhleqycwtind"
kwifojayangomoo,6555427053,kwifojayangomoo@campus.fct.unl.pt,"kwifojayangomoo"
yuqaauxiognsnkh,715062102109,yuqaauxiognsnkh@campus.fct.unl.pt,"yuqaauxiognsnkh"
zdjuspluadrpaks,461257087112,zdjuspluadrpaks@campus.fct.unl.pt,"zdjuspluadrpaks"
ilzurpoweuquupk,124654012237,ilzurpoweuquupk@campus.fct.unl.pt,"ilzurpoweuquupk"
gsxsrmsykflvchc,1211227210949,gsxsrmsykflvchc@campus.fct.unl.pt,"gsxsrmsykflvchc"
bxsgxgjatgmrryc,9262968962,bxsgxgjatgmrryc@campus.fct.unl.pt,"bxsgxgjatgmrryc"
erqvzbrkwozcczn,11953334499,erqvzbrkwozcczn@campus.fct.unl.pt,"erqvzbrkwozcczn"
jzqhaoxdblfrobs,11175119126100,jzqhaoxdblfrobs@campus.fct.unl.pt,"jzqhaoxdblfrobs"
cjendeqsmvfbqjh,481085210396,cjendeqsmvfbqjh@campus.fct.unl.pt,"cjendeqsmvfbqjh"
bfvxwfojblocodz,436410812658,bfvxwfojblocodz@campus.fct.unl.pt,"bfvxwfojblocodz"
rxwbydudaacxxqf,561039287121,rxwbydudaacxxqf@campus.fct.unl.pt,"rxwbydudaacxxqf"
baksbksumxareqa,92125958582,baksbksumxareqa@campus.fct.unl.pt,"baksbksumxareqa"
qnqiqkscdnrifsy,112519611541,qnqiqkscdnrifsy@campus.fct.unl.pt,"qnqiqkscdnrifsy"
rbtsylmtgirfjzl,891178161103,rbtsylmtgirfjzl@campus.fct.unl.pt,"rbtsylmtgirfjzl"
uzgdrxnjpbzucdk,1231171256335,uzgdrxnjpbzucdk@campus.fct.unl.pt,"uzgdrxnjpbzucdk"
ezwdnxacmjksupn,9650759439,ezwdnxacmjksupn@campus.fct.unl.pt,"ezwdnxacmjksupn"
ohhuqgoowkzshus,4859574885,ohhuqgoowkzshus@campus.fct.unl.pt,"ohhuqgoowkzshus"
ysporkzhvxqcbra,117976411058,ysporkzhvxqcbra@campus.fct.unl.pt,"ysporkzhvxqcbra"
fnrwpmadabewjax,12212210211451,fnrwpmadabewjax@campus.fct.unl.pt,"fnrwpmadabewjax"
hcccnibanypjjxy,104584911575,hcccnibanypjjxy@campus.fct.unl.pt,"hcccnibanypjjxy"
tvkuituodzuosgh,8411562123116,tvkuituodzuosgh@campus.fct.unl.pt,"tvkuituodzuosgh"
vojxpljwpvidffx,4738659160,vojxpljwpvidffx@campus.fct.unl.pt,"vojxpljwpvidffx"
shhaojjjtesvdzn,91381228943,shhaojjjtesvdzn@campus.fct.unl.pt,"shhaojjjtesvdzn"
eezuxwkfrtsoqcn,112106110124112,eezuxwkfrtsoqcn@campus.fct.unl.pt,"eezuxwkfrtsoqcn"
tshoujihmsszciv,1201121209791,tshoujihmsszciv@campus.fct.unl.pt,"tshoujihmsszciv"
amadakudjgtfyhh,79111693444,amadakudjgtfyhh@campus.fct.unl.pt,"amadakudjgtfyhh"
xaywrlxcjoolswo,11298963478,xaywrlxcjoolswo@campus.fct.unl.pt,"xaywrlxcjoolswo"
chtfqjthvathtln,91744812336,chtfqjthvathtln@campus.fct.unl.pt,"chtfqjthvathtln"
fspbmdwbuawxcbs,737142107126,fspbmdwbuawxcbs@campus.fct.unl.pt,"fspbmdwbuawxcbs"
zvkuekzbjpyadqp,358210111368,zvkuekzbjpyadqp@campus.fct.unl.pt,"zvkuekzbjpyadqp"
rxeuklhrxzwvnjj,35581214241,rxeuklhrxzwvnjj@campus.fct.unl.pt,"rxeuklhrxzwvnjj"
ysdzmoiuzajjiia,776579116122,ysdzmoiuzajjiia@campus.fct.unl.pt,"ysdzmoiuzajjiia"
upsniifcukjxuxs,8794626859,upsniifcukjxuxs@campus.fct.unl.pt,"upsniifcukjxuxs"
zwuswxepuhtlidg,112121508852,zwuswxepuhtlidg@campus.fct.unl.pt,"zwuswxepuhtlidg"
snnmzbpdsyvbwlj,107794664119,snnmzbpdsyvbwlj@campus.fct.unl.pt,"snnmzbpdsyvbwlj"
guzkxadpcvcfmiq,3884847659,guzkxadpcvcfmiq@campus.fct.unl.pt,"guzkxadpcvcfmiq"
voorpgwlecwbsmd,6361818645,voorpgwlecwbsmd@campus.fct.unl.pt,"voorpgwlecwbsmd"
mnvexvmsoostvxx,59947573116,mnvexvmsoostvxx@campus.fct.unl.pt,"mnvexvmsoostvxx"
pkilyutmtbnxqij,639646102112,pkilyutmtbnxqij@campus.fct.unl.pt,"pkilyutmtbnxqij"
avjtlnummcihgyk,5660777441,avjtlnummcihgyk@campus.fct.unl.pt,"avjtlnummcihgyk"
uvdhrhepgpxgfns,82468743116,uvdhrhepgpxgfns@campus.fct.unl.pt,"uvdhrhepgpxgfns"
tpruijqindfudws,102446210192,tpruijqindfudws@campus.fct.unl.pt,"tpruijqindfudws"
dvzncgstlfwarto,34461104876,dvzncgstlfwarto@campus.fct.unl.pt,"dvzncgstlfwarto"
fovjnnbrqmhzgzl,73981269997,fovjnnbrqmhzgzl@campus.fct.unl.pt,"fovjnnbrqmhzgzl"
syzosotypnlosls,85876911883,syzosotypnlosls@campus.fct.unl.pt,"syzosotypnlosls"
ujwjxpywbgykbim,498967111125,ujwjxpywbgykbim@campus.fct.unl.pt,"ujwjxpywbgykbim"
pahqrjwopjcvlts,4638777045,pahqrjwopjcvlts@campus.fct.unl.pt,"pahqrjwopjcvlts"
oolcurfdzheoahr,931141125446,oolcurfdzheoahr@campus.fct.unl.pt,"oolcurfdzheoahr"
awliosveowuhpkx,92120344582,awliosveowuhpkx@campus.fct.unl.pt,"awliosveowuhpkx"
wrtlusepmgbttai,49126709686,wrtlusepmgbttai@campus.fct.unl.pt,"wrtlusepmgbttai"
uwwqlpepugxeekb,1018685107100,uwwqlpepugxeekb@campus.fct.unl.pt,"uwwqlpepugxeekb"
wwwdvhlhsvimhji,867811810653,wwwdvhlhsvimhji@campus.fct.unl.pt,"wwwdvhlhsvimhji"
bnenjkqndwcvlna,11368498371,bnenjkqndwcvlna@campus.fct.unl.pt,"bnenjkqndwcvlna"
rujtpwjfubmbzfp,107908874109,rujtpwjfubmbzfp@campus.fct.unl.pt,"rujtpwjfubmbzfp"
hvlgzbihaisjete,351258411998,hvlgzbihaisjete@campus.fct.unl.pt,"hvlgzbihaisjete"
vlpiualqdecpzqo,9456535070,vlpiualqdecpzqo@campus.fct.unl.pt,"vlpiualqdecpzqo"
dlpuiprvndkovar,11274509950,dlpuiprvndkovar@campus.fct.unl.pt,"dlpuiprvndkovar"
egqteqjjvgvtbmf,986235113116,egqteqjjvgvtbmf@campus.fct.unl.pt,"egqteqjjvgvtbmf"
ufewzgllyushvxg,9541986865,ufewzgllyushvxg@campus.fct.unl.pt,"ufewzgllyushvxg"
coizoxfgxvvtsyu,69739087113,coizoxfgxvvtsyu@campus.fct.unl.pt,"coizoxfgxvvtsyu"
fvbotnhflcgtbpq,120905852100,fvbotnhflcgtbpq@campus.fct.unl.pt,"fvbotnhflcgtbpq"
cmwizyynkakrcds,925877123121,cmwizyynkakrcds@campus.fct.unl.pt,"cmwizyynkakrcds"
kyukeaelofpnhvb,8972773759,kyukeaelofpnhvb@campus.fct.unl.pt,"kyukeaelofpnhvb"
hixmfjussjzbqiu,42110814789,hixmfjussjzbqiu@campus.fct.unl.pt,"hixmfjussjzbqiu"
upevlrabzsmcagg,791066611666,upevlrabzsmcagg@campus.fct.unl.pt,"upevlrabzsmcagg"
gwyccadkslcrevj,3492463960,gwyccadkslcrevj@campus.fct.unl.pt,"gwyccadkslcrevj"
yhzjxnvblzrvsjw,111122814072,yhzjxnvblzrvsjw@campus.fct.unl.pt,"yhzjxnvblzrvsjw"
jrisnlnhasbaxii,351193936106,jrisnlnhasbaxii@campus.fct.unl.pt,"jrisnlnhasbaxii"
ywhtkhnxpatyzym,1027110375116,ywhtkhnxpatyzym@campus.fct.unl.pt,"ywhtkhnxpatyzym"
nsqffqnsxwpbdup,76457910677,nsqffqnsxwpbdup@campus.fct.unl.pt,"nsqffqnsxwpbdup"
bqqphoojtejdbzb,112609610444,bqqphoojtejdbzb@campus.fct.unl.pt,"bqqphoojtejdbzb"
dogwmtsrhdcijsw,7250815079,dogwmtsrhdcijsw@campus.fct.unl.pt,"dogwmtsrhdcijsw"
ibmckofkzjyuhuf,91947191105,ibmckofkzjyuhuf@campus.fct.unl.pt,"ibmckofkzjyuhuf"
rtvvzdsjbcydvcz,51964359111,rtvvzdsjbcydvcz@campus.fct.unl.pt,"rtvvzdsjbcydvcz"
kqfpydhjkatjhpz,11540567035,kqfpydhjkatjhpz@campus.fct.unl.pt,"kqfpydhjkatjhpz"
jbdzrvdhizbcgug,1221053377105,jbdzrvdhizbcgug@campus.fct.unl.pt,"jbdzrvdhizbcgug"
lbnjjwsheggeaaf,94949012253,lbnjjwsheggeaaf@campus.fct.unl.pt,"lbnjjwsheggeaaf"
djsuhzxkzaxleqz,108417947112,djsuhzxkzaxleqz@campus.fct.unl.pt,"djsuhzxkzaxleqz"
exphgxofelumeui,651136359112,exphgxofelumeui@campus.fct.unl.pt,"exphgxofelumeui"
ooekiaqntuaqero,34441079247,ooekiaqntuaqero@campus.fct.unl.pt,"ooekiaqntuaqero"
ksntodnuublihkf,83112115115119,ksntodnuublihkf@campus.fct.unl.pt,"ksntodnuublihkf"
ijahhvayuehmcrc,121971208393,ijahhvayuehmcrc@campus.fct.unl.pt,"ijahhvayuehmcrc"
nygynfopmkafdaq,485011149121,nygynfopmkafdaq@campus.fct.unl.pt,"nygynfopmkafdaq"
efqwcabpxcumzag,108824811972,efqwcabpxcumzag@campus.fct.unl.pt,"efqwcabpxcumzag"
wnagwkwisgfvzpr,82108365834,wnagwkwisgfvzpr@campus.fct.unl.pt,"wnagwkwisgfvzpr"
ntvdjhmgjrwqlwg,3784956350,ntvdjhmgjrwqlwg@campus.fct.unl.pt,"ntvdjhmgjrwqlwg"
bqvkoatjhrmlchb,37989010578,bqvkoatjhrmlchb@campus.fct.unl.pt,"bqvkoatjhrmlchb"
ovjgwbabpsjpxzo,95855684106,ovjgwbabpsjpxzo@campus.fct.unl.pt,"ovjgwbabpsjpxzo"
zrhjcesgzfsjpwb,568387121126,zrhjcesgzfsjpwb@campus.fct.unl.pt,"zrhjcesgzfsjpwb"
tuaqpqexojflbup,82829777111,tuaqpqexojflbup@campus.fct.unl.pt,"tuaqpqexojflbup"
zkzhbjdpukhyhwr,3610112111188,zkzhbjdpukhyhwr@campus.fct.unl.pt,"zkzhbjdpukhyhwr"
tqifcwounlvqfxn,61110946196,tqifcwounlvqfxn@campus.fct.unl.pt,"tqifcwounlvqfxn"
mkkkiqrvxyyilqp,539111347100,mkkkiqrvxyyilqp@campus.fct.unl.pt,"mkkkiqrvxyyilqp"
kgdfijdvcwimzer,107115954088,kgdfijdvcwimzer@campus.fct.unl.pt,"kgdfijdvcwimzer"
ibexjtuzogsjkdb,90888344114,ibexjtuzogsjkdb@campus.fct.unl.pt,"ibexjtuzogsjkdb"
idkapofuasgdosn,671058876101,idkapofuasgdosn@campus.fct.unl.pt,"idkapofuasgdosn"
dgnibbwtrrtsbtj,90401203580,dgnibbwtrrtsbtj@campus.fct.unl.pt,"dgnibbwtrrtsbtj"
aptcddhbxyoxiqk,7997868649,aptcddhbxyoxiqk@campus.fct.unl.pt,"aptcddhbxyoxiqk"
qspccalejysufsa,70336143109,qspccalejysufsa@campus.fct.unl.pt,"qspccalejysufsa"
zgqwdrrcqtqwmcs,349010010985,zgqwdrrcqtqwmcs@campus.fct.unl.pt,"zgqwdrrcqtqwmcs"
fvllaxrjgmvejsd,91684589108,fvllaxrjgmvejsd@campus.fct.unl.pt,"fvllaxrjgmvejsd"
cmidgmpeumjfjcy,117103498853,cmidgmpeumjfjcy@campus.fct.unl.pt,"cmidgmpeumjfjcy"
swmcukrqcluxtko,5872524463,swmcukrqcluxtko@campus.fct.unl.pt,"swmcukrqcluxtko"
gqsxosoytyohrsw,684411710789,gqsxosoytyohrsw@campus.fct.unl.pt,"gqsxosoytyohrsw"
exeawskgctjqdfs,55539370120,exeawskgctjqdfs@campus.fct.unl.pt,"exeawskgctjqdfs"
mwwqhejikqlyfyw,3912512188117,mwwqhejikqlyfyw@campus.fct.unl.pt,"mwwqhejikqlyfyw"
snyuearcpdvsjsf,8146728633,snyuearcpdvsjsf@campus.fct.unl.pt,"snyuearcpdvsjsf"
ihphldvpoinrsae,56126613943,ihphldvpoinrsae@campus.fct.unl.pt,"ihphldvpoinrsae"
hgswxjblrzfwksu,76839010367,hgswxjblrzfwksu@campus.fct.unl.pt,"hgswxjblrzfwksu"
nsyukfwkxqiabyh,4297334752,nsyukfwkxqiabyh@campus.fct.unl.pt,"nsyukfwkxqiabyh"
ndecdspeiaaqkeg,796512411361,ndecdspeiaaqkeg@campus.fct.unl.pt,"ndecdspeiaaqkeg"
ltxgnmgwrlywdsp,415812512539,ltxgnmgwrlywdsp@campus.fct.unl.pt,"ltxgnmgwrlywdsp"
sqzwqrlccfeemko,6037705352,sqzwqrlccfeemko@campus.fct.unl.pt,"sqzwqrlccfeemko"
aghlycymsvijkws,426937106108,aghlycymsvijkws@campus.fct.unl.pt,"aghlycymsvijkws"
eeyygzszhzipden,10247101108123,eeyygzszhzipden@campus.fct.unl.pt,"eeyygzszhzipden"
thieywvjvgamizn,54401099246,thieywvjvgamizn@campus.fct.unl.pt,"thieywvjvgamizn"
zrrfnpoxvokbnct,8269774750,zrrfnpoxvokbnct@campus.fct.unl.pt,"zrrfnpoxvokbnct"
nlizpibqumkuvdq,10098509157,nlizpibqumkuvdq@campus.fct.unl.pt,"nlizpibqumkuvdq"
niszwviutmqezvk,1026210312074,niszwviutmqezvk@campus.fct.unl.pt,"niszwviutmqezvk"
guzieeziihwkcbb,117123934674,guzieeziihwkcbb@campus.fct.unl.pt,"guzieeziihwkcbb"
xmqaoxvbevfmkmb,9457803559,xmqaoxvbevfmkmb@campus.fct.unl.pt,"xmqaoxvbevfmkmb"
fncwwnfqarmukkq,555859108106,fncwwnfqarmukkq@campus.fct.unl.pt,"fncwwnfqarmukkq"
hnojbwjvucogiuz,34737861113,hnojbwjvucogiuz@campus.fct.unl.pt,"hnojbwjvucogiuz"
aytdpgnvcpvrbmw,704411151124,aytdpgnvcpvrbmw@campus.fct.unl.pt,"aytdpgnvcpvrbmw"
ycplfoedwhegtjp,11986684493,ycplfoedwhegtjp@campus.fct.unl.pt,"ycplfoedwhegtjp"
yljchdhcyouvlsp,8083994544,yljchdhcyouvlsp@campus.fct.unl.pt,"yljchdhcyouvlsp"
bcnyehysgduylpv,69428711970,bcnyehysgduylpv@campus.fct.unl.pt,"bcnyehysgduylpv"
xbcsixtdizeavxd,12183344737,xbcsixtdizeavxd@campus.fct.unl.pt,"xbcsixtdizeavxd"
rgqyhkdgsfjfbiu,126351229690,rgqyhkdgsfjfbiu@campus.fct.unl.pt,"rgqyhkdgsfjfbiu"
udfgkkmmywcgehv,119953889102,udfgkkmmywcgehv@campus.fct.unl.pt,"udfgkkmmywcgehv"
lkhowmxglzwvzgk,11148838793,lkhowmxglzwvzgk@campus.fct.unl.pt,"lkhowmxglzwvzgk"
wtnlypkdlbicrad,65105925437,wtnlypkdlbicrad@campus.fct.unl.pt,"wtnlypkdlbicrad"
xepkmnhqtznkgzd,623589116109,xepkmnhqtznkgzd@campus.fct.unl.pt,"xepkmnhqtznkgzd"
rgrhwosllftvyfq,70734111051,rgrhwosllftvyfq@campus.fct.unl.pt,"rgrhwosllftvyfq"
fvdjpomfuwqvlhi,124898610591,fvdjpomfuwqvlhi@campus.fct.unl.pt,"fvdjpomfuwqvlhi"
kyvamzgdmedragx,93126877748,kyvamzgdmedragx@campus.fct.unl.pt,"kyvamzgdmedragx"
lxcmjooaizyiqtt,485412294114,lxcmjooaizyiqtt@campus.fct.unl.pt,"lxcmjooaizyiqtt"
ybynvzjkzxmhsiu,46913440116,ybynvzjkzxmhsiu@campus.fct.unl.pt,"ybynvzjkzxmhsiu"
krucccigsencise,5346494161,krucccigsencise@campus.fct.unl.pt,"krucccigsencise"
fcwrwbplwnqbxca,116781218285,fcwrwbplwnqbxca@campus.fct.unl.pt,"fcwrwbplwnqbxca"
fxpwmrlvhlqhydl,53918680107,fxpwmrlvhlqhydl@campus.fct.unl.pt,"fxpwmrlvhlqhydl"
dkelqtpfyqteeuk,11611054104112,dkelqtpfyqteeuk@campus.fct.unl.pt,"dkelqtpfyqteeuk"
mjnajkxqoiyqdzr,5880343575,mjnajkxqoiyqdzr@campus.fct.unl.pt,"mjnajkxqoiyqdzr"
xzvgzoenwwrwjwf,74547010788,xzvgzoenwwrwjwf@campus.fct.unl.pt,"xzvgzoenwwrwjwf"
sbtojkvdishjmfh,1037412612249,sbtojkvdishjmfh@campus.fct.unl.pt,"sbtojkvdishjmfh"
ovmebrkjhwkxcon,108344312386,ovmebrkjhwkxcon@campus.fct.unl.pt,"ovmebrkjhwkxcon"
nvinriqhszcsits,576610356112,nvinriqhszcsits@campus.fct.unl.pt,"nvinriqhszcsits"
lcxzmifrocimlpn,6093754442,lcxzmifrocimlpn@campus.fct.unl.pt,"lcxzmifrocimlpn"
ehvlmkvckpumbjh,71686488100,ehvlmkvckpumbjh@campus.fct.unl.pt,"ehvlmkvckpumbjh"
dtoedjppknhxpka,924310269118,dtoedjppknhxpka@campus.fct.unl.pt,"dtoedjppknhxpka"
zekbaqhlkfkimbe,56561109333,zekbaqhlkfkimbe@campus.fct.unl.pt,"zekbaqhlkfkimbe"
pshfvkpcfcrjefq,1161026211935,pshfvkpcfcrjefq@campus.fct.unl.pt,"pshfvkpcfcrjefq"
yidmotstzmbduqc,4485445555,yidmotstzmbduqc@campus.fct.unl.pt,"yidmotstzmbduqc"
prfbfsiefvfmhwm,54601215898,prfbfsiefvfmhwm@campus.fct.unl.pt,"prfbfsiefvfmhwm"
twmkardtzsbvyxm,10389426266,twmkardtzsbvyxm@campus.fct.unl.pt,"twmkardtzsbvyxm"
jsauipguykmaqrw,6443989153,jsauipguykmaqrw@campus.fct.unl.pt,"jsauipguykmaqrw"
nlzrhpufepzqqzv,8210552123102,nlzrhpufepzqqzv@campus.fct.unl.pt,"nlzrhpufepzqqzv"
jrnejlpbsctxrop,8645568977,jrnejlpbsctxrop@campus.fct.unl.pt,"jrnejlpbsctxrop"
zocntsclirqckio,93436710381,zocntsclirqckio@campus.fct.unl.pt,"zocntsclirqckio"
lzutjupqbbpvyev,10672739662,lzutjupqbbpvyev@campus.fct.unl.pt,"lzutjupqbbpvyev"
enmlycyavircivp,811163382126,enmlycyavircivp@campus.fct.unl.pt,"enmlycyavircivp"
cccicbqknakmyrs,4712211666122,cccicbqknakmyrs@campus.fct.unl.pt,"cccicbqknakmyrs"
gxvqorodbjvczmr,96881206369,gxvqorodbjvczmr@campus.fct.unl.pt,"gxvqorodbjvczmr"
rjkixirhbtemnzh,70122525645,rjkixirhbtemnzh@campus.fct.unl.pt,"rjkixirhbtemnzh"
llmebjykidsbnnm,54351126244,llmebjykidsbnnm@campus.fct.unl.pt,"llmebjykidsbnnm"
wxyvmolyskjvalu,641211235387,wxyvmolyskjvalu@campus.fct.unl.pt,"wxyvmolyskjvalu"
caynyfwbtamwphn,47389811697,caynyfwbtamwphn@campus.fct.unl.pt,"caynyfwbtamwphn"
bujhuktluzkkgez,876275114121,bujhuktluzkkgez@campus.fct.unl.pt,"bujhuktluzkkgez"
kkqssrslwgimilo,115851169253,kkqssrslwgimilo@campus.fct.unl.pt,"kkqssrslwgimilo"
elrzfuroqcchjrb,8390577370,elrzfuroqcchjrb@campus.fct.unl.pt,"elrzfuroqcchjrb"
ofyrauqmxsapfmt,331051064481,ofyrauqmxsapfmt@campus.fct.unl.pt,"ofyrauqmxsapfmt"
brxjnyayvfixcpj,51744452106,brxjnyayvfixcpj@campus.fct.unl.pt,"brxjnyayvfixcpj"
ozjecfxxoiqnnpp,7963368995,ozjecfxxoiqnnpp@campus.fct.unl.pt,"ozjecfxxoiqnnpp"
extdmancgxjtuyz,53753634110,extdmancgxjtuyz@campus.fct.unl.pt,"extdmancgxjtuyz"
qvpukflyceozacc,56567033112,qvpukflyceozacc@campus.fct.unl.pt,"qvpukflyceozacc"
aotacvlnxkjykqz,5257417384,aotacvlnxkjykqz@campus.fct.unl.pt,"aotacvlnxkjykqz"
ekzidyfvokccwmg,98102339640,ekzidyfvokccwmg@campus.fct.unl.pt,"ekzidyfvokccwmg"
sebzmpqcbtkgeba,10684515450,sebzmpqcbtkgeba@campus.fct.unl.pt,"sebzmpqcbtkgeba"
srrufizdllzshpe,53355511275,srrufizdllzshpe@campus.fct.unl.pt,"srrufizdllzshpe"
sdtxrnaczsjcsiw,6556517778,sdtxrnaczsjcsiw@campus.fct.unl.pt,"sdtxrnaczsjcsiw"
jxdkyxbyknzlwgr,90385110440,jxdkyxbyknzlwgr@campus.fct.unl.pt,"jxdkyxbyknzlwgr"
evjbtoqbeihrsxt,10899454881,evjbtoqbeihrsxt@campus.fct.unl.pt,"evjbtoqbeihrsxt"
zfphxefkqfxylxe,105489910381,zfphxefkqfxylxe@campus.fct.unl.pt,"zfphxefkqfxylxe"
vpkrtcqspyyywrs,106913712296,vpkrtcqspyyywrs@campus.fct.unl.pt,"vpkrtcqspyyywrs"
kjrmflgpzlroilf,4439448295,kjrmflgpzlroilf@campus.fct.unl.pt,"kjrmflgpzlroilf"
zdevbtpdukjiqew,80116579838,zdevbtpdukjiqew@campus.fct.unl.pt,"zdevbtpdukjiqew"
rdcmyvlijxtilee,5089884180,rdcmyvlijxtilee@campus.fct.unl.pt,"rdcmyvlijxtilee"
dxfcfslclhresgx,91903711469,dxfcfslclhresgx@campus.fct.unl.pt,"dxfcfslclhresgx"
pgocapmrtnueweu,4334797072,pgocapmrtnueweu@campus.fct.unl.pt,"pgocapmrtnueweu"
bqvguhyrsmxzrsv,1237110112355,bqvguhyrsmxzrsv@campus.fct.unl.pt,"bqvguhyrsmxzrsv"
eubcwzdjabhzqne,102119566285,eubcwzdjabhzqne@campus.fct.unl.pt,"eubcwzdjabhzqne"
omycpbozgxelsrg,99753638116,omycpbozgxelsrg@campus.fct.unl.pt,"omycpbozgxelsrg"
svcrvwnovxetmzj,11388893370,svcrvwnovxetmzj@campus.fct.unl.pt,"svcrvwnovxetmzj"
yxftcneficaqplk,103664512191,yxftcneficaqplk@campus.fct.unl.pt,"yxftcneficaqplk"
nfsjqzazykkalnw,4874447639,nfsjqzazykkalnw@campus.fct.unl.pt,"nfsjqzazykkalnw"
sbqrfntfywzzufj,748912071110,sbqrfntfywzzufj@campus.fct.unl.pt,"sbqrfntfywzzufj"
pbffzedqvmkidaj,88759990113,pbffzedqvmkidaj@campus.fct.unl.pt,"pbffzedqvmkidaj"
vohotcvisnlmhrw,8334767776,vohotcvisnlmhrw@campus.fct.unl.pt,"vohotcvisnlmhrw"
xcvxnfwnhagfjiz,99466011086,xcvxnfwnhagfjiz@campus.fct.unl.pt,"xcvxnfwnhagfjiz"
hswwdeoungrgbrf,389811411374,hswwdeoungrgbrf@campus.fct.unl.pt,"hswwdeoungrgbrf"
oozurmhsdwqtgvj,8811912690108,oozurmhsdwqtgvj@campus.fct.unl.pt,"oozurmhsdwqtgvj"
irrbdzktxydewhp,796381121123,irrbdzktxydewhp@campus.fct.unl.pt,"irrbdzktxydewhp"
dbwzjwqzipvmpck,966411180100,dbwzjwqzipvmpck@campus.fct.unl.pt,"dbwzjwqzipvmpck"
upkoxkoruowbpdi,935111637126,upkoxkoruowbpdi@campus.fct.unl.pt,"upkoxkoruowbpdi"
qzybikpvaxfaiaf,8871649666,qzybikpvaxfaiaf@campus.fct.unl.pt,"qzybikpvaxfaiaf"
coegrrrgemxtqwq,115779710437,coegrrrgemxtqwq@campus.fct.unl.pt,"coegrrrgemxtqwq"
jsdfqppcmfvgsvg,8783864536,jsdfqppcmfvgsvg@campus.fct.unl.pt,"jsdfqppcmfvgsvg"
inlogorvujdwkia,4187923874,inlogorvujdwkia@campus.fct.unl.pt,"inlogorvujdwkia"
kxesbeuzdrldcjt,72571196889,kxesbeuzdrldcjt@campus.fct.unl.pt,"kxesbeuzdrldcjt"
nwwmfuaojjeuhag,1163776112104,nwwmfuaojjeuhag@campus.fct.unl.pt,"nwwmfuaojjeuhag"
ehudsqwqdtevrox,951241113891,ehudsqwqdtevrox@campus.fct.unl.pt,"ehudsqwqdtevrox"
bxzappihcoyxfrq,66541004155,bxzappihcoyxfrq@campus.fct.unl.pt,"bxzappihcoyxfrq"
fwpzqrleyoawjou,106361086856,fwpzqrleyoawjou@campus.fct.unl.pt,"fwpzqrleyoawjou"
stfnevxrmpcimxo,43117738163,stfnevxrmpcimxo@campus.fct.unl.pt,"stfnevxrmpcimxo"
rxiexcytshxyemd,39116875166,rxiexcytshxyemd@campus.fct.unl.pt,"rxiexcytshxyemd"
uuarqhfizwhrnzv,10244896263,uuarqhfizwhrnzv@campus.fct.unl.pt,"uuarqhfizwhrnzv"
mkoggukwgknicqn,100961127691,mkoggukwgknicqn@campus.fct.unl.pt,"mkoggukwgknicqn"
ulcqlleamuhcpbp,959410610168,ulcqlleamuhcpbp@campus.fct.unl.pt,"ulcqlleamuhcpbp"
tfqpanbdmwmglaa,59108675345,tfqpanbdmwmglaa@campus.fct.unl.pt,"tfqpanbdmwmglaa"
gkekukzbxplhvgb,67126635563,gkekukzbxplhvgb@campus.fct.unl.pt,"gkekukzbxplhvgb"
yxcxufekatjgjoj,90949811558,yxcxufekatjgjoj@campus.fct.unl.pt,"yxcxufekatjgjoj"
xqzphsjkgzodwas,119945311239,xqzphsjkgzodwas@campus.fct.unl.pt,"xqzphsjkgzodwas"
nnslfphtjmffpdg,118814273107,nnslfphtjmffpdg@campus.fct.unl.pt,"nnslfphtjmffpdg"
jajhenoblsqwjnk,94511038838,jajhenoblsqwjnk@campus.fct.unl.pt,"jajhenoblsqwjnk"
eksqgqdravzugvn,33856811085,eksqgqdravzugvn@campus.fct.unl.pt,"eksqgqdravzugvn"
ofcdbvbjltfhesl,954012410776,ofcdbvbjltfhesl@campus.fct.unl.pt,"ofcdbvbjltfhesl"
qrxykhnizrzfvku,36634661114,qrxykhnizrzfvku@campus.fct.unl.pt,"qrxykhnizrzfvku"
acukofbjzijafrg,69861067984,acukofbjzijafrg@campus.fct.unl.pt,"acukofbjzijafrg"
xwbzkunppwchsxy,70951074246,xwbzkunppwchsxy@campus.fct.unl.pt,"xwbzkunppwchsxy"
trtfagjhuadvofp,517177119105,trtfagjhuadvofp@campus.fct.unl.pt,"trtfagjhuadvofp"
ogueyhdkjgpuuud,10365463942,ogueyhdkjgpuuud@campus.fct.unl.pt,"ogueyhdkjgpuuud"
esjralhgtdfuago,95591098464,esjralhgtdfuago@campus.fct.unl.pt,"esjralhgtdfuago"
frlsqntrtltogqp,871245775103,frlsqntrtltogqp@campus.fct.unl.pt,"frlsqntrtltogqp"
rwguccglmekejbl,1041214236115,rwguccglmekejbl@campus.fct.unl.pt,"rwguccglmekejbl"
vbsvluzmkmqqgvf,1158365125121,vbsvluzmkmqqgvf@campus.fct.unl.pt,"vbsvluzmkmqqgvf"
odblpdrivahceum,621165612355,odblpdrivahceum@campus.fct.unl.pt,"odblpdrivahceum"
xotjhvdgsjciqdj,95969012457,xotjhvdgsjciqdj@campus.fct.unl.pt,"xotjhvdgsjciqdj"
jrlnqciuguewyeg,9459553555,jrlnqciuguewyeg@campus.fct.unl.pt,"jrlnqciuguewyeg"
udsqoalbnldkiyf,46886372100,udsqoalbnldkiyf@campus.fct.unl.pt,"udsqoalbnldkiyf"
tprjgmshkqlzwgi,49569810261,tprjgmshkqlzwgi@campus.fct.unl.pt,"tprjgmshkqlzwgi"
pfyhyunbfhdselu,4511910078109,pfyhyunbfhdselu@campus.fct.unl.pt,"pfyhyunbfhdselu"
sgqflxmepyrvwjh,931161148089,sgqflxmepyrvwjh@campus.fct.unl.pt,"sgqflxmepyrvwjh"
msqhtgjlcpygtrn,444711910178,msqhtgjlcpygtrn@campus.fct.unl.pt,"msqhtgjlcpygtrn"
dvvpecxeqqqsyll,836411572109,dvvpecxeqqqsyll@campus.fct.unl.pt,"dvvpecxeqqqsyll"
jxfvbrzycyhtiqt,60701045542,jxfvbrzycyhtiqt@campus.fct.unl.pt,"jxfvbrzycyhtiqt"
rpuvumjxykanvos,123921168381,rpuvumjxykanvos@campus.fct.unl.pt,"rpuvumjxykanvos"
cnawkbkneljzfox,421204765126,cnawkbkneljzfox@campus.fct.unl.pt,"cnawkbkneljzfox"
jugaeitjhcuqrtj,8611185111110,jugaeitjhcuqrtj@campus.fct.unl.pt,"jugaeitjhcuqrtj"
jdteqnticjfutbr,104741096394,jdteqnticjfutbr@campus.fct.unl.pt,"jdteqnticjfutbr"
pzvffjkmuokbylh,77108395256,pzvffjkmuokbylh@campus.fct.unl.pt,"pzvffjkmuokbylh"
gmdtczeuansjzna,6284768881,gmdtczeuansjzna@campus.fct.unl.pt,"gmdtczeuansjzna"
msaklnvfacsmdec,125383369108,msaklnvfacsmdec@campus.fct.unl.pt,"msaklnvfacsmdec"
edcszsbdvyogkov,10684565567,edcszsbdvyogkov@campus.fct.unl.pt,"edcszsbdvyogkov"
kbghnszovozkpca,88103356485,kbghnszovozkpca@campus.fct.unl.pt,"kbghnszovozkpca"
cgatmhazumtzofv,61594173114,cgatmhazumtzofv@campus.fct.unl.pt,"cgatmhazumtzofv"
zwzenvcjdxbvksu,33431208983,zwzenvcjdxbvksu@campus.fct.unl.pt,"zwzenvcjdxbvksu"
bujtkhnwyqtxbbb,5137535444,bujtkhnwyqtxbbb@campus.fct.unl.pt,"bujtkhnwyqtxbbb"
mdqskzugaqxuyox,7366583762,mdqskzugaqxuyox@campus.fct.unl.pt,"mdqskzugaqxuyox"
vphsjihhesdqinx,1061205464118,vphsjihhesdqinx@campus.fct.unl.pt,"vphsjihhesdqinx"
uxgstxskfjoegqm,112951197746,uxgstxskfjoegqm@campus.fct.unl.pt,"uxgstxskfjoegqm"
pfdkhvrdcpvaooy,639012111153,pfdkhvrdcpvaooy@campus.fct.unl.pt,"pfdkhvrdcpvaooy"
ivjbjsvhdnnowne,1241109411793,ivjbjsvhdnnowne@campus.fct.unl.pt,"ivjbjsvhdnnowne"
zyqomhwoouqkfmo,57100598357,zyqomhwoouqkfmo@campus.fct.unl.pt,"zyqomhwoouqkfmo"
znqvrfjgcycgzwr,12693384562,znqvrfjgcycgzwr@campus.fct.unl.pt,"znqvrfjgcycgzwr"
cgskzrdkwivsvyl,1001091075879,cgskzrdkwivsvyl@campus.fct.unl.pt,"cgskzrdkwivsvyl"
bhittitxxaydgcn,103123685753,bhittitxxaydgcn@campus.fct.unl.pt,"bhittitxxaydgcn"
gtllsembpnrhaiq,5898767562,gtllsembpnrhaiq@campus.fct.unl.pt,"gtllsembpnrhaiq"
rkusgamagppqjgu,571089211246,rkusgamagppqjgu@campus.fct.unl.pt,"rkusgamagppqjgu"
chhntmtxkfishxo,11611211144124,chhntmtxkfishxo@campus.fct.unl.pt,"chhntmtxkfishxo"
oyhvgtagvlnuwfk,5694524945,oyhvgtagvlnuwfk@campus.fct.unl.pt,"oyhvgtagvlnuwfk"
mkluebmcbjodqcf,7967499182,mkluebmcbjodqcf@campus.fct.unl.pt,"mkluebmcbjodqcf"
tbwxweokphyxrmo,4891874176,tbwxweokphyxrmo@campus.fct.unl.pt,"tbwxweokphyxrmo"
alwaafkvbikdhbi,12638894197,alwaafkvbikdhbi@campus.fct.unl.pt,"alwaafkvbikdhbi"
kofmzmuhjxalmlc,609511311653,kofmzmuhjxalmlc@campus.fct.unl.pt,"kofmzmuhjxalmlc"
jhaplfwzmhsnvjz,97581025352,jhaplfwzmhsnvjz@campus.fct.unl.pt,"jhaplfwzmhsnvjz"
dkegcjkmdpyadxe,821236912154,dkegcjkmdpyadxe@campus.fct.unl.pt,"dkegcjkmdpyadxe"
gblhfwglcrqwbqr,561149254125,gblhfwglcrqwbqr@campus.fct.unl.pt,"gblhfwglcrqwbqr"
wnershyicbxqmei,12295125112116,wnershyicbxqmei@campus.fct.unl.pt,"wnershyicbxqmei"
cmaivpwpfioffam,56126759953,cmaivpwpfioffam@campus.fct.unl.pt,"cmaivpwpfioffam"
uwtcznlbqozncvy,8378827281,uwtcznlbqozncvy@campus.fct.unl.pt,"uwtcznlbqozncvy"
utdxepuvbyrrnme,57105884270,utdxepuvbyrrnme@campus.fct.unl.pt,"utdxepuvbyrrnme"
ozdetvmxsgourgi,8854806759,ozdetvmxsgourgi@campus.fct.unl.pt,"ozdetvmxsgourgi"
rutapdjmlbpatto,39836811278,rutapdjmlbpatto@campus.fct.unl.pt,"rutapdjmlbpatto"
lofhkfxewdlmlrx,125903710790,lofhkfxewdlmlrx@campus.fct.unl.pt,"lofhkfxewdlmlrx"
ujxydbwzmsemmgu,1216911648106,ujxydbwzmsemmgu@campus.fct.unl.pt,"ujxydbwzmsemmgu"
iuiemaegegrgvkh,881259812552,iuiemaegegrgvkh@campus.fct.unl.pt,"iuiemaegegrgvkh"
mfxttyhpvwbqkyd,666360123124,mfxttyhpvwbqkyd@campus.fct.unl.pt,"mfxttyhpvwbqkyd"
quctcddwynihpqr,3310810411163,quctcddwynihpqr@campus.fct.unl.pt,"quctcddwynihpqr"
onuondulzffibtm,81731158461,onuondulzffibtm@campus.fct.unl.pt,"onuondulzffibtm"
jpwqtawsbgafnlz,124816012078,jpwqtawsbgafnlz@campus.fct.unl.pt,"jpwqtawsbgafnlz"
zuascubricxpmbn,891129512593,zuascubricxpmbn@campus.fct.unl.pt,"zuascubricxpmbn"
sdvgvwmbezkhidv,401104093122,sdvgvwmbezkhidv@campus.fct.unl.pt,"sdvgvwmbezkhidv"
kouadgurqdydmfa,666511635112,kouadgurqdydmfa@campus.fct.unl.pt,"kouadgurqdydmfa"
lpyiynsteusaxec,3770397091,lpyiynsteusaxec@campus.fct.unl.pt,"lpyiynsteusaxec"
lmwbujsotvpwpdp,1026411250109,lmwbujsotvpwpdp@campus.fct.unl.pt,"lmwbujsotvpwpdp"
lqyfsbwyblurrcu,61871068770,lqyfsbwyblurrcu@campus.fct.unl.pt,"lqyfsbwyblurrcu"
igykmygyrtqhxto,42551124458,igykmygyrtqhxto@campus.fct.unl.pt,"igykmygyrtqhxto"
pkamvykmuoysqhz,50555911771,pkamvykmuoysqhz@campus.fct.unl.pt,"pkamvykmuoysqhz"
dabutnkrvfuruwa,691024160103,dabutnkrvfuruwa@campus.fct.unl.pt,"dabutnkrvfuruwa"
qpauapcgqohiooe,11367508262,qpauapcgqohiooe@campus.fct.unl.pt,"qpauapcgqohiooe"
oyfouppcmmmpmro,68549412572,oyfouppcmmmpmro@campus.fct.unl.pt,"oyfouppcmmmpmro"
gwbmrqoojrrioek,119124505660,gwbmrqoojrrioek@campus.fct.unl.pt,"gwbmrqoojrrioek"
wvawtztzgcvjdul,11491115119103,wvawtztzgcvjdul@campus.fct.unl.pt,"wvawtztzgcvjdul"
qmhmthlodbgvgvz,37931157051,qmhmthlodbgvgvz@campus.fct.unl.pt,"qmhmthlodbgvgvz"
hhbvslhjyouoeob,10373684547,hhbvslhjyouoeob@campus.fct.unl.pt,"hhbvslhjyouoeob"
kqxjmpcellcclsa,100461189968,kqxjmpcellcclsa@campus.fct.unl.pt,"kqxjmpcellcclsa"
lfktgpqhkkbneus,36778510158,lfktgpqhkkbneus@campus.fct.unl.pt,"lfktgpqhkkbneus"
ighacnzwzbsrftn,35785590117,ighacnzwzbsrftn@campus.fct.unl.pt,"ighacnzwzbsrftn"
oocuncjddnpwvqm,801084611360,oocuncjddnpwvqm@campus.fct.unl.pt,"oocuncjddnpwvqm"
odlyjwddbvnmcwk,12374337051,odlyjwddbvnmcwk@campus.fct.unl.pt,"odlyjwddbvnmcwk"
rvtdhmoclkobkca,11575983798,rvtdhmoclkobkca@campus.fct.unl.pt,"rvtdhmoclkobkca"
ykkgdvxljczrxjg,11973649937,ykkgdvxljczrxjg@campus.fct.unl.pt,"ykkgdvxljczrxjg"
qhyzajempkoujio,4411511367123,qhyzajempkoujio@campus.fct.unl.pt,"qhyzajempkoujio"
qlccfzzrehgmooa,39628211188,qlccfzzrehgmooa@campus.fct.unl.pt,"qlccfzzrehgmooa"
qlusbdyvzxemzmj,100953911758,qlusbdyvzxemzmj@campus.fct.unl.pt,"qlusbdyvzxemzmj"
ysbfrgsbggiyvkf,804235120116,ysbfrgsbggiyvkf@campus.fct.unl.pt,"ysbfrgsbggiyvkf"
gamguxfsnioqoau,458811810295,gamguxfsnioqoau@campus.fct.unl.pt,"gamguxfsnioqoau"
fqowihzjjwikqdl,59766581100,fqowihzjjwikqdl@campus.fct.unl.pt,"fqowihzjjwikqdl"
fsyfpmuqaqdndzy,4297648947,fsyfpmuqaqdndzy@campus.fct.unl.pt,"fsyfpmuqaqdndzy"
tutyyqarryabrzv,76636185106,tutyyqarryabrzv@campus.fct.unl.pt,"tutyyqarryabrzv"
cdwofyvwgcvffli,42579710946,cdwofyvwgcvffli@campus.fct.unl.pt,"cdwofyvwgcvffli"
lcktabnjqlzmzou,1197137102124,lcktabnjqlzmzou@campus.fct.unl.pt,"lcktabnjqlzmzou"
tddbmkddidniywk,891034012180,tddbmkddidniywk@campus.fct.unl.pt,"tddbmkddidniywk"
mssehvmwojrkmmw,57841056349,mssehvmwojrkmmw@campus.fct.unl.pt,"mssehvmwojrkmmw"
bzdknztnmbcadgx,937492104101,bzdknztnmbcadgx@campus.fct.unl.pt,"bzdknztnmbcadgx"
izikguwrlsnzmcz,97122377573,izikguwrlsnzmcz@campus.fct.unl.pt,"izikguwrlsnzmcz"
pvdksmipwbbgsct,87731027063,pvdksmipwbbgsct@campus.fct.unl.pt,"pvdksmipwbbgsct"
zzuopuuxgevlazv,125120827773,zzuopuuxgevlazv@campus.fct.unl.pt,"zzuopuuxgevlazv"
zttommqobcgkfsf,681011173467,zttommqobcgkfsf@campus.fct.unl.pt,"zttommqobcgkfsf"
iqrdzujhytryqlw,9334436587,iqrdzujhytryqlw@campus.fct.unl.pt,"iqrdzujhytryqlw"
mqprzlublolmnsk,974634126126,mqprzlublolmnsk@campus.fct.unl.pt,"mqprzlublolmnsk"
ltrdtiasompwkce,465012192125,ltrdtiasompwkce@campus.fct.unl.pt,"ltrdtiasompwkce"
cvlogpuryaybgwk,46653410936,cvlogpuryaybgwk@campus.fct.unl.pt,"cvlogpuryaybgwk"
nkrgjgeyjumatca,801131227066,nkrgjgeyjumatca@campus.fct.unl.pt,"nkrgjgeyjumatca"
fnhggwbdeweohnf,101821116775,fnhggwbdeweohnf@campus.fct.unl.pt,"fnhggwbdeweohnf"
dpqqhjlnuwhphll,11211711880123,dpqqhjlnuwhphll@campus.fct.unl.pt,"dpqqhjlnuwhphll"
zftjkegneehjyfc,7181476372,zftjkegneehjyfc@campus.fct.unl.pt,"zftjkegneehjyfc"
vazvujhivdulwfn,951043771125,vazvujhivdulwfn@campus.fct.unl.pt,"vazvujhivdulwfn"
zmkttztxshbwjwk,67858467123,zmkttztxshbwjwk@campus.fct.unl.pt,"zmkttztxshbwjwk"
vadsxsdmwefdjss,4311798113117,vadsxsdmwefdjss@campus.fct.unl.pt,"vadsxsdmwefdjss"
mokmzcznqlufioo,9443753667,mokmzcznqlufioo@campus.fct.unl.pt,"mokmzcznqlufioo"
vpoauhnavivngtr,54115659663,vpoauhnavivngtr@campus.fct.unl.pt,"vpoauhnavivngtr"
wbgvubvblgbkzdf,546312299112,wbgvubvblgbkzdf@campus.fct.unl.pt,"wbgvubvblgbkzdf"
ysstvhyckinwzcc,117331018385,ysstvhyckinwzcc@campus.fct.unl.pt,"ysstvhyckinwzcc"
qltpenbymidkbga,82644354111,qltpenbymidkbga@campus.fct.unl.pt,"qltpenbymidkbga"
dihbkivuusgpogl,11742817196,dihbkivuusgpogl@campus.fct.unl.pt,"dihbkivuusgpogl"
hjnwnetzjdssibc,5063843973,hjnwnetzjdssibc@campus.fct.unl.pt,"hjnwnetzjdssibc"
tlrwifxevngvtfr,9136946568,tlrwifxevngvtfr@campus.fct.unl.pt,"tlrwifxevngvtfr"
icqmjchjunfincz,9658958285,icqmjchjunfincz@campus.fct.unl.pt,"icqmjchjunfincz"
iktvvnvzbixxpai,1013710388106,iktvvnvzbixxpai@campus.fct.unl.pt,"iktvvnvzbixxpai"
jupqsnzddnxrfvy,10479113126113,jupqsnzddnxrfvy@campus.fct.unl.pt,"jupqsnzddnxrfvy"
cjftbalzzvigror,501127962110,cjftbalzzvigror@campus.fct.unl.pt,"cjftbalzzvigror"
rakzvgzquszbkly,82645790107,rakzvgzquszbkly@campus.fct.unl.pt,"rakzvgzquszbkly"
qhdrggrazqhdcil,98758462113,qhdrggrazqhdcil@campus.fct.unl.pt,"qhdrggrazqhdcil"
ybajakubevziena,8834566043,ybajakubevziena@campus.fct.unl.pt,"ybajakubevziena"
jbvgybznafncsqs,887066115125,jbvgybznafncsqs@campus.fct.unl.pt,"jbvgybznafncsqs"
zqkofyghmiwafmf,961058110763,zqkofyghmiwafmf@campus.fct.unl.pt,"zqkofyghmiwafmf"
jkprgqobqbnbdiz,79991256249,jkprgqobqbnbdiz@campus.fct.unl.pt,"jkprgqobqbnbdiz"
mhxpwkxxzpctemz,11210911811535,mhxpwkxxzpctemz@campus.fct.unl.pt,"mhxpwkxxzpctemz"
jofdwanezlvefmw,102421035193,jofdwanezlvefmw@campus.fct.unl.pt,"jofdwanezlvefmw"
xbldzdbblolrtzb,331068711839,xbldzdbblolrtzb@campus.fct.unl.pt,"xbldzdbblolrtzb"
iqqcpgggcqiwqcq,336256104112,iqqcpgggcqiwqcq@campus.fct.unl.pt,"iqqcpgggcqiwqcq"
iznefdpfcuhpnim,56936411662,iznefdpfcuhpnim@campus.fct.unl.pt,"iznefdpfcuhpnim"
gzgwqcgzaltubly,8599513697,gzgwqcgzaltubly@campus.fct.unl.pt,"gzgwqcgzaltubly"
oqifnoiecztdssc,3449459171,oqifnoiecztdssc@campus.fct.unl.pt,"oqifnoiecztdssc"
qkrprzkyiguxdjx,36112515756,qkrprzkyiguxdjx@campus.fct.unl.pt,"qkrprzkyiguxdjx"
kljpjjkswsbopob,1026910963104,kljpjjkswsbopob@campus.fct.unl.pt,"kljpjjkswsbopob"
vptjxgnfozsyhwo,7959877678,vptjxgnfozsyhwo@campus.fct.unl.pt,"vptjxgnfozsyhwo"
tyaxurwxbzhouev,115721014485,tyaxurwxbzhouev@campus.fct.unl.pt,"tyaxurwxbzhouev"
tavvcsgvisehixx,49678010697,tavvcsgvisehixx@campus.fct.unl.pt,"tavvcsgvisehixx"
jpjllxnizklrxsj,56394211648,jpjllxnizklrxsj@campus.fct.unl.pt,"jpjllxnizklrxsj"
vmkaltkaogtbtzo,12350627184,vmkaltkaogtbtzo@campus.fct.unl.pt,"vmkaltkaogtbtzo"
geczmdrbqnaomub,100754777125,geczmdrbqnaomub@campus.fct.unl.pt,"geczmdrbqnaomub"
wmmukfpnulrungz,76433455104,wmmukfpnulrungz@campus.fct.unl.pt,"wmmukfpnulrungz"
trttoayzlzezoqt,4787729271,trttoayzlzezoqt@campus.fct.unl.pt,"trttoayzlzezoqt"
rttqmhbgoviwayx,69373792122,rttqmhbgoviwayx@campus.fct.unl.pt,"rttqmhbgoviwayx"
ouutmngakevzdyg,771165911950,ouutmngakevzdyg@campus.fct.unl.pt,"ouutmngakevzdyg"
ivbozbxoteugnch,689655125123,ivbozbxoteugnch@campus.fct.unl.pt,"ivbozbxoteugnch"
diqkpqblxryltzj,721141067357,diqkpqblxryltzj@campus.fct.unl.pt,"diqkpqblxryltzj"
edpvbkaenpftmha,41112979293,edpvbkaenpftmha@campus.fct.unl.pt,"edpvbkaenpftmha"
pnmxgokntorfsnn,107535353120,pnmxgokntorfsnn@campus.fct.unl.pt,"pnmxgokntorfsnn"
vmvrwoodakczqzn,125616911665,vmvrwoodakczqzn@campus.fct.unl.pt,"vmvrwoodakczqzn"
tyestiywdicvypz,87437793126,tyestiywdicvypz@campus.fct.unl.pt,"tyestiywdicvypz"
xtnffoahgrhhytq,571014611541,xtnffoahgrhhytq@campus.fct.unl.pt,"xtnffoahgrhhytq"
hoxlutsdabfsbbp,107653437109,hoxlutsdabfsbbp@campus.fct.unl.pt,"hoxlutsdabfsbbp"
lowmcoyameneewx,74107825480,lowmcoyameneewx@campus.fct.unl.pt,"lowmcoyameneewx"
kmkfajdsonxwhzs,54106384055,kmkfajdsonxwhzs@campus.fct.unl.pt,"kmkfajdsonxwhzs"
gqmabxpnzisbxmh,8510272121110,gqmabxpnzisbxmh@campus.fct.unl.pt,"gqmabxpnzisbxmh"
urvbyjnkgicqbnw,92391216536,urvbyjnkgicqbnw@campus.fct.unl.pt,"urvbyjnkgicqbnw"
hfcvihxjzzrxbly,107125718284,hfcvihxjzzrxbly@campus.fct.unl.pt,"hfcvihxjzzrxbly"
sedcgbspksuihtk,43585910746,sedcgbspksuihtk@campus.fct.unl.pt,"sedcgbspksuihtk"
nioidnohobvwylm,6210650116100,nioidnohobvwylm@campus.fct.unl.pt,"nioidnohobvwylm"
ounrueddexjuohb,11160111101124,ounrueddexjuohb@campus.fct.unl.pt,"ounrueddexjuohb"
qyjwkmoaxvseykz,5739708084,qyjwkmoaxvseykz@campus.fct.unl.pt,"qyjwkmoaxvseykz"
zrirmplxjqxpydi,55401079567,zrirmplxjqxpydi@campus.fct.unl.pt,"zrirmplxjqxpydi"
vdznfwoidubwcue,4961506892,vdznfwoidubwcue@campus.fct.unl.pt,"vdznfwoidubwcue"
qokygksllcgeuoj,6687356842,qokygksllcgeuoj@campus.fct.unl.pt,"qokygksllcgeuoj"
ghkkpcueyydbvso,82431109259,ghkkpcueyydbvso@campus.fct.unl.pt,"ghkkpcueyydbvso"
nxwxmpjkrsbojmx,3312612690105,nxwxmpjkrsbojmx@campus.fct.unl.pt,"nxwxmpjkrsbojmx"
xydtwxjrkzcuyjt,1119511511336,xydtwxjrkzcuyjt@campus.fct.unl.pt,"xydtwxjrkzcuyjt"
fytxpcpadpokvrw,77656198107,fytxpcpadpokvrw@campus.fct.unl.pt,"fytxpcpadpokvrw"
niyabxlogviekgh,10589111114100,niyabxlogviekgh@campus.fct.unl.pt,"niyabxlogviekgh"
uvbgjvjolsjkjyb,44116693876,uvbgjvjolsjkjyb@campus.fct.unl.pt,"uvbgjvjolsjkjyb"
xlpnekyubhvxtey,5811810811587,xlpnekyubhvxtey@campus.fct.unl.pt,"xlpnekyubhvxtey"
jnexzcsgjazkkmw,75501167888,jnexzcsgjazkkmw@campus.fct.unl.pt,"jnexzcsgjazkkmw"
nvtrorkwtlipwyq,67926365125,nvtrorkwtlipwyq@campus.fct.unl.pt,"nvtrorkwtlipwyq"
hwcctlfjmxgiycq,10351119125114,hwcctlfjmxgiycq@campus.fct.unl.pt,"hwcctlfjmxgiycq"
jxmsagoypmbqwib,73109838199,jxmsagoypmbqwib@campus.fct.unl.pt,"jxmsagoypmbqwib"
mpwpjrxtcxxkrhv,555788107111,mpwpjrxtcxxkrhv@campus.fct.unl.pt,"mpwpjrxtcxxkrhv"
dggxrhdqwrstzfz,67641047739,dggxrhdqwrstzfz@campus.fct.unl.pt,"dggxrhdqwrstzfz"
dbsnljaqlxfgnjv,1137271118126,dbsnljaqlxfgnjv@campus.fct.unl.pt,"dbsnljaqlxfgnjv"
hxwevpbiigfxeye,561211077391,hxwevpbiigfxeye@campus.fct.unl.pt,"hxwevpbiigfxeye"
kizampvrndoudmd,5972645581,kizampvrndoudmd@campus.fct.unl.pt,"kizampvrndoudmd"
vmsvmowseskctyu,10480504447,vmsvmowseskctyu@campus.fct.unl.pt,"vmsvmowseskctyu"
fhvnqanegrmurio,56126576065,fhvnqanegrmurio@campus.fct.unl.pt,"fhvnqanegrmurio"
gwrsoyxtdnazwrr,8134817369,gwrsoyxtdnazwrr@campus.fct.unl.pt,"gwrsoyxtdnazwrr"
wuukxmmplabrqya,10477533942,wuukxmmplabrqya@campus.fct.unl.pt,"wuukxmmplabrqya"
frhxtcfiioxorye,3788387033,frhxtcfiioxorye@campus.fct.unl.pt,"frhxtcfiioxorye"
myorxqhbqtfhnch,48103845090,myorxqhbqtfhnch@campus.fct.unl.pt,"myorxqhbqtfhnch"
mmceirsknbhowno,4353704388,mmceirsknbhowno@campus.fct.unl.pt,"mmceirsknbhowno"
lbnnnyeeuavffxn,119107955651,lbnnnyeeuavffxn@campus.fct.unl.pt,"lbnnnyeeuavffxn"
ajcqjopbsundjus,6874796643,ajcqjopbsundjus@campus.fct.unl.pt,"ajcqjopbsundjus"
oivkrnwkqnzsona,5712310112046,oivkrnwkqnzsona@campus.fct.unl.pt,"oivkrnwkqnzsona"
dclyaqgemayflek,1081168072123,dclyaqgemayflek@campus.fct.unl.pt,"dclyaqgemayflek"
rkuxnyljelzzgid,838211688102,rkuxnyljelzzgid@campus.fct.unl.pt,"rkuxnyljelzzgid"
vypiqgadqrdarsd,115903510558,vypiqgadqrdarsd@campus.fct.unl.pt,"vypiqgadqrdarsd"
solssbitxvqmzfn,9652608038,solssbitxvqmzfn@campus.fct.unl.pt,"solssbitxvqmzfn"
jaxwtuwbutranrf,651065312294,jaxwtuwbutranrf@campus.fct.unl.pt,"jaxwtuwbutranrf"
wbxyhrwwrccjhta,7898626139,wbxyhrwwrccjhta@campus.fct.unl.pt,"wbxyhrwwrccjhta"
jynregtycsshmnz,4810782121119,jynregtycsshmnz@campus.fct.unl.pt,"jynregtycsshmnz"
lkarvgbbqdetvwt,101901089737,lkarvgbbqdetvwt@campus.fct.unl.pt,"lkarvgbbqdetvwt"
ozofixpgwlqnuqr,43509668105,ozofixpgwlqnuqr@campus.fct.unl.pt,"ozofixpgwlqnuqr"
rsncxkjdozcrnke,50416410299,rsncxkjdozcrnke@campus.fct.unl.pt,"rsncxkjdozcrnke"
mmpoanqfkkudmap,65104816051,mmpoanqfkkudmap@campus.fct.unl.pt,"mmpoanqfkkudmap"
jsyiviccfgpbxhp,76925710445,jsyiviccfgpbxhp@campus.fct.unl.pt,"jsyiviccfgpbxhp"
dfdhqxblagzuhlw,50124683575,dfdhqxblagzuhlw@campus.fct.unl.pt,"dfdhqxblagzuhlw"
wrdotysbfirnahl,6337113122121,wrdotysbfirnahl@campus.fct.unl.pt,"wrdotysbfirnahl"
ydxxjotwwrhosjf,8961839868,ydxxjotwwrhosjf@campus.fct.unl.pt,"ydxxjotwwrhosjf"
ikupykxxkwgzehv,778610611485,ikupykxxkwgzehv@campus.fct.unl.pt,"ikupykxxkwgzehv"
evakicxnoegtwpm,96103634165,evakicxnoegtwpm@campus.fct.unl.pt,"evakicxnoegtwpm"
ocukwwldhnnhpeg,45971219891,ocukwwldhnnhpeg@campus.fct.unl.pt,"ocukwwldhnnhpeg"
jslqqqygppjwjqg,107937511296,jslqqqygppjwjqg@campus.fct.unl.pt,"jslqqqygppjwjqg"
yzqpohvmwxslwmp,34516611156,yzqpohvmwxslwmp@campus.fct.unl.pt,"yzqpohvmwxslwmp"
cxlyrmbnpxhtjzw,1101225710283,cxlyrmbnpxhtjzw@campus.fct.unl.pt,"cxlyrmbnpxhtjzw"
sxxjictcwjuwfnf,54618511664,sxxjictcwjuwfnf@campus.fct.unl.pt,"sxxjictcwjuwfnf"
zasihatdtwpmfox,76447511973,zasihatdtwpmfox@campus.fct.unl.pt,"zasihatdtwpmfox"
mscrfrzeuldamth,87471155170,mscrfrzeuldamth@campus.fct.unl.pt,"mscrfrzeuldamth"
fiudgisftjcvlvo,12383594486,fiudgisftjcvlvo@campus.fct.unl.pt,"fiudgisftjcvlvo"
eekzoojhylqyznp,45100583949,eekzoojhylqyznp@campus.fct.unl.pt,"eekzoojhylqyznp"
qnwjinrrtqllrgp,11461358834,qnwjinrrtqllrgp@campus.fct.unl.pt,"qnwjinrrtqllrgp"
gcwhgwwdanrlmei,571101024866,gcwhgwwdanrlmei@campus.fct.unl.pt,"gcwhgwwdanrlmei"
koytlmryljjivuf,1191191028135,koytlmryljjivuf@campus.fct.unl.pt,"koytlmryljjivuf"
pmwlkxnvavzbohs,801261177051,pmwlkxnvavzbohs@campus.fct.unl.pt,"pmwlkxnvavzbohs"
wipedyurxhipqbv,12492439150,wipedyurxhipqbv@campus.fct.unl.pt,"wipedyurxhipqbv"
mjlsgiandvvtyzk,77543367122,mjlsgiandvvtyzk@campus.fct.unl.pt,"mjlsgiandvvtyzk"
daxdjwaqzmxoisv,1251246210397,daxdjwaqzmxoisv@campus.fct.unl.pt,"daxdjwaqzmxoisv"
zmcmnvmbsblokbt,1099995105119,zmcmnvmbsblokbt@campus.fct.unl.pt,"zmcmnvmbsblokbt"
zxgcedwpsqjizaw,65864571108,zxgcedwpsqjizaw@campus.fct.unl.pt,"zxgcedwpsqjizaw"
cgcojhlnbvumbxr,811055210140,cgcojhlnbvumbxr@campus.fct.unl.pt,"cgcojhlnbvumbxr"
upfewjficlbvzvy,59108715975,upfewjficlbvzvy@campus.fct.unl.pt,"upfewjficlbvzvy"
yhxgfnvgtebgrgk,68893969121,yhxgfnvgtebgrgk@campus.fct.unl.pt,"yhxgfnvgtebgrgk"
kscpgnjagvlouaf,91544077124,kscpgnjagvlouaf@campus.fct.unl.pt,"kscpgnjagvlouaf"
zxglxvvqsxipngf,10568994571,zxglxvvqsxipngf@campus.fct.unl.pt,"zxglxvvqsxipngf"
civrfucwgipdrmi,8057768046,civrfucwgipdrmi@campus.fct.unl.pt,"civrfucwgipdrmi"
lsrqyhozxvrqgqp,12410711512248,lsrqyhozxvrqgqp@campus.fct.unl.pt,"lsrqyhozxvrqgqp"
gemyxafdcemahoz,6939685184,gemyxafdcemahoz@campus.fct.unl.pt,"gemyxafdcemahoz"
qngfmjldqirdklm,50759111291,qngfmjldqirdklm@campus.fct.unl.pt,"qngfmjldqirdklm"
dxvkxzggrvevtxn,10746843678,dxvkxzggrvevtxn@campus.fct.unl.pt,"dxvkxzggrvevtxn"
agyuyvxggbqgmnq,7398346993,agyuyvxggbqgmnq@campus.fct.unl.pt,"agyuyvxggbqgmnq"
ycusqhtxtkwqybx,1105310761100,ycusqhtxtkwqybx@campus.fct.unl.pt,"ycusqhtxtkwqybx"
rvvkkxfdmqnpout,977112265111,rvvkkxfdmqnpout@campus.fct.unl.pt,"rvvkkxfdmqnpout"
oyuhoqqrrwntufr,3852917786,oyuhoqqrrwntufr@campus.fct.unl.pt,"oyuhoqqrrwntufr"
feibacysgxwtgpc,47633674112,feibacysgxwtgpc@campus.fct.unl.pt,"feibacysgxwtgpc"
ywzsebasrzapole,478510963125,ywzsebasrzapole@campus.fct.unl.pt,"ywzsebasrzapole"
srfmhwsihynaaln,771129111274,srfmhwsihynaaln@campus.fct.unl.pt,"srfmhwsihynaaln"
sqxxnvaiaewdqhy,581021095169,sqxxnvaiaewdqhy@campus.fct.unl.pt,"sqxxnvaiaewdqhy"
zwffolvgfzcxdfr,11111310947120,zwffolvgfzcxdfr@campus.fct.unl.pt,"zwffolvgfzcxdfr"
lsdwbrglezrruvr,441219452125,lsdwbrglezrruvr@campus.fct.unl.pt,"lsdwbrglezrruvr"
ilyenkpimpdnreu,123686511989,ilyenkpimpdnreu@campus.fct.unl.pt,"ilyenkpimpdnreu"
izsoxootxxwkoil,8410811410642,izsoxootxxwkoil@campus.fct.unl.pt,"izsoxootxxwkoil"
wvcfdzigffdaymx,48528210593,wvcfdzigffdaymx@campus.fct.unl.pt,"wvcfdzigffdaymx"
djbsalvfavjnxve,511236011841,djbsalvfavjnxve@campus.fct.unl.pt,"djbsalvfavjnxve"
vdgbvrhovqphurm,701133683118,vdgbvrhovqphurm@campus.fct.unl.pt,"vdgbvrhovqphurm"
xegslmxyxonliae,1191113379107,xegslmxyxonliae@campus.fct.unl.pt,"xegslmxyxonliae"
bawgdewggxwclfl,77871257137,bawgdewggxwclfl@campus.fct.unl.pt,"bawgdewggxwclfl"
mxtsukwdoodoofd,3512456123101,mxtsukwdoodoofd@campus.fct.unl.pt,"mxtsukwdoodoofd"
mlmgslloecuikrf,99474779125,mlmgslloecuikrf@campus.fct.unl.pt,"mlmgslloecuikrf"
qsyxnppfslkuxoa,100734868115,qsyxnppfslkuxoa@campus.fct.unl.pt,"qsyxnppfslkuxoa"
ushifqpwiuwaxbh,68533838107,ushifqpwiuwaxbh@campus.fct.unl.pt,"ushifqpwiuwaxbh"
rrmvmjgymdnqjvy,1225312312358,rrmvmjgymdnqjvy@campus.fct.unl.pt,"rrmvmjgymdnqjvy"
ofbbwgdpmwqdurx,10577965078,ofbbwgdpmwqdurx@campus.fct.unl.pt,"ofbbwgdpmwqdurx"
kwcjiahhmkogysm,8356857091,kwcjiahhmkogysm@campus.fct.unl.pt,"kwcjiahhmkogysm"
sbqkskbvwkmenxk,55561024563,sbqkskbvwkmenxk@campus.fct.unl.pt,"sbqkskbvwkmenxk"
pbzghgywfnjmpbl,11646337565,pbzghgywfnjmpbl@campus.fct.unl.pt,"pbzghgywfnjmpbl"
qsrpnweqbnuooaq,4987909879,qsrpnweqbnuooaq@campus.fct.unl.pt,"qsrpnweqbnuooaq"
dnlfgkfecepzdjo,901151058235,dnlfgkfecepzdjo@campus.fct.unl.pt,"dnlfgkfecepzdjo"
lnzpbrsgsyaripq,35331034938,lnzpbrsgsyaripq@campus.fct.unl.pt,"lnzpbrsgsyaripq"
dxdrgtjqkmqeiom,7981937499,dxdrgtjqkmqeiom@campus.fct.unl.pt,"dxdrgtjqkmqeiom"
sxflzwoaxnrbbpf,879512488113,sxflzwoaxnrbbpf@campus.fct.unl.pt,"sxflzwoaxnrbbpf"
vrqazmtwfkuzsgu,114544012562,vrqazmtwfkuzsgu@campus.fct.unl.pt,"vrqazmtwfkuzsgu"
yencxqxvksomtdt,81871094171,yencxqxvksomtdt@campus.fct.unl.pt,"yencxqxvksomtdt"
kxtyyjtrdppqmpn,59431229477,kxtyyjtrdppqmpn@campus.fct.unl.pt,"kxtyyjtrdppqmpn"
agvzpbwnnmlelam,10577704294,agvzpbwnnmlelam@campus.fct.unl.pt,"agvzpbwnnmlelam"
yukjqpfpakmmcxq,1001031125453,yukjqpfpakmmcxq@campus.fct.unl.pt,"yukjqpfpakmmcxq"
erywnindokwfjbk,55104454456,erywnindokwfjbk@campus.fct.unl.pt,"erywnindokwfjbk"
crnjfdbkmithgdn,7411510011246,crnjfdbkmithgdn@campus.fct.unl.pt,"crnjfdbkmithgdn"
drnaznegmwbxmhh,351164710842,drnaznegmwbxmhh@campus.fct.unl.pt,"drnaznegmwbxmhh"
afvlhyrrqwvraxf,8973678855,afvlhyrrqwvraxf@campus.fct.unl.pt,"afvlhyrrqwvraxf"
ynpkyoinwgxcnet,1069412110960,ynpkyoinwgxcnet@campus.fct.unl.pt,"ynpkyoinwgxcnet"
bfigzilsqvxhoru,86103899736,bfigzilsqvxhoru@campus.fct.unl.pt,"bfigzilsqvxhoru"
jgiuxrekqqgqpeo,6948439434,jgiuxrekqqgqpeo@campus.fct.unl.pt,"jgiuxrekqqgqpeo"
lsqfxbllkkqtdvy,62112964339,lsqfxbllkkqtdvy@campus.fct.unl.pt,"lsqfxbllkkqtdvy"
qfaqdzdeaihywmm,6245663457,qfaqdzdeaihywmm@campus.fct.unl.pt,"qfaqdzdeaihywmm"
odfhzjianzgvmfn,6733493594,odfhzjianzgvmfn@campus.fct.unl.pt,"odfhzjianzgvmfn"
khizzllbsmdqhky,11635715536,khizzllbsmdqhky@campus.fct.unl.pt,"khizzllbsmdqhky"
xbcfgzneszknaym,737677121120,xbcfgzneszknaym@campus.fct.unl.pt,"xbcfgzneszknaym"
plemndokoaesrtx,6840407566,plemndokoaesrtx@campus.fct.unl.pt,"plemndokoaesrtx"
khsxudthxeurwbp,861211159582,khsxudthxeurwbp@campus.fct.unl.pt,"khsxudthxeurwbp"
btcsoosndxgvcay,6597846843,btcsoosndxgvcay@campus.fct.unl.pt,"btcsoosndxgvcay"
rhrzhjcmsdksfsk,641097572105,rhrzhjcmsdksfsk@campus.fct.unl.pt,"rhrzhjcmsdksfsk"
knsyzkayhrsztww,359512351118,knsyzkayhrsztww@campus.fct.unl.pt,"knsyzkayhrsztww"
lwylnafaeeszykj,12110812610355,lwylnafaeeszykj@campus.fct.unl.pt,"lwylnafaeeszykj"
nppmmtucussdtol,438912375125,nppmmtucussdtol@campus.fct.unl.pt,"nppmmtucussdtol"
cqfjbnklqfplgyu,928310110348,cqfjbnklqfplgyu@campus.fct.unl.pt,"cqfjbnklqfplgyu"
cvpndjcgsyidhvd,67848311247,cvpndjcgsyidhvd@campus.fct.unl.pt,"cvpndjcgsyidhvd"
mkhiaoeutqgciao,100116915639,mkhiaoeutqgciao@campus.fct.unl.pt,"mkhiaoeutqgciao"
xwyscqwxutfqvqz,101798210551,xwyscqwxutfqvqz@campus.fct.unl.pt,"xwyscqwxutfqvqz"
zvpamaskmpbzwho,105559710884,zvpamaskmpbzwho@campus.fct.unl.pt,"zvpamaskmpbzwho"
brjbnuqyqajkqid,117115443892,brjbnuqyqajkqid@campus.fct.unl.pt,"brjbnuqyqajkqid"
bgvvgmgivqwwfyj,11296437377,bgvvgmgivqwwfyj@campus.fct.unl.pt,"bgvvgmgivqwwfyj"
ppalnikkzvktozv,7187523485,ppalnikkzvktozv@campus.fct.unl.pt,"ppalnikkzvktozv"
qwgdjpwxddcwgai,119363379117,qwgdjpwxddcwgai@campus.fct.unl.pt,"qwgdjpwxddcwgai"
aoddjlowghyrqyh,76751253498,aoddjlowghyrqyh@campus.fct.unl.pt,"aoddjlowghyrqyh"
shnauzwiczkcqdj,98353310942,shnauzwiczkcqdj@campus.fct.unl.pt,"shnauzwiczkcqdj"
yvxcmkaofxwofhl,5767746694,yvxcmkaofxwofhl@campus.fct.unl.pt,"yvxcmkaofxwofhl"
fgulegocsnejejd,66371007957,fgulegocsnejejd@campus.fct.unl.pt,"fgulegocsnejejd"
xvpsfeetrzxkjfa,8744616093,xvpsfeetrzxkjfa@campus.fct.unl.pt,"xvpsfeetrzxkjfa"
ilhelkipfarxvtu,101100637289,ilhelkipfarxvtu@campus.fct.unl.pt,"ilhelkipfarxvtu"
qsflomurrzzbhnx,1241231083965,qsflomurrzzbhnx@campus.fct.unl.pt,"qsflomurrzzbhnx"
csholublsgsdebj,106113116115107,csholublsgsdebj@campus.fct.unl.pt,"csholublsgsdebj"
fhsgfsgaxbpxwap,115123754252,fhsgfsgaxbpxwap@campus.fct.unl.pt,"fhsgfsgaxbpxwap"
ustjdnzwkvzfanr,631074946120,ustjdnzwkvzfanr@campus.fct.unl.pt,"ustjdnzwkvzfanr"
mojtmchovlxrzgr,47376182103,mojtmchovlxrzgr@campus.fct.unl.pt,"mojtmchovlxrzgr"
vjjedtsbtotketv,45798986109,vjjedtsbtotketv@campus.fct.unl.pt,"vjjedtsbtotketv"
yhkzlqqbkxbahtl,11345104116107,yhkzlqqbkxbahtl@campus.fct.unl.pt,"yhkzlqqbkxbahtl"
mjhuxjtiljhekiz,1011121075242,mjhuxjtiljhekiz@campus.fct.unl.pt,"mjhuxjtiljhekiz"
vnrzdhbvwnbgjwz,631166854115,vnrzdhbvwnbgjwz@campus.fct.unl.pt,"vnrzdhbvwnbgjwz"
rizievtqmtpylvq,429710112533,rizievtqmtpylvq@campus.fct.unl.pt,"rizievtqmtpylvq"
shuijztqyxrilgk,50122729861,shuijztqyxrilgk@campus.fct.unl.pt,"shuijztqyxrilgk"
lgyemzltobdktes,4649949042,lgyemzltobdktes@campus.fct.unl.pt,"lgyemzltobdktes"
emhanqmqmboflkc,7244706480,emhanqmqmboflkc@campus.fct.unl.pt,"emhanqmqmboflkc"
ulovkbwnvzrvahn,517310338122,ulovkbwnvzrvahn@campus.fct.unl.pt,"ulovkbwnvzrvahn"
qmrqebkkleoeemx,86121484567,qmrqebkkleoeemx@campus.fct.unl.pt,"qmrqebkkleoeemx"
aeojxtfpsazjztn,53101808495,aeojxtfpsazjztn@campus.fct.unl.pt,"aeojxtfpsazjztn"
ttjenrqxxmjxhcn,1021166810382,ttjenrqxxmjxhcn@campus.fct.unl.pt,"ttjenrqxxmjxhcn"
hvdndgnvhhzurez,110108598294,hvdndgnvhhzurez@campus.fct.unl.pt,"hvdndgnvhhzurez"
gsxphswfjmunqkr,69794557103,gsxphswfjmunqkr@campus.fct.unl.pt,"gsxphswfjmunqkr"
kalhdmmwowkutme,369312273105,kalhdmmwowkutme@campus.fct.unl.pt,"kalhdmmwowkutme"
jymezcztbzuwssz,90973692124,jymezcztbzuwssz@campus.fct.unl.pt,"jymezcztbzuwssz"
vysgbgzuobldwxs,62913712257,vysgbgzuobldwxs@campus.fct.unl.pt,"vysgbgzuobldwxs"
eadgrranuxmfmml,96114693869,eadgrranuxmfmml@campus.fct.unl.pt,"eadgrranuxmfmml"
iyyvmjujdkqkkpi,696811856119,iyyvmjujdkqkkpi@campus.fct.unl.pt,"iyyvmjujdkqkkpi"
avjiiduuxsrxqzg,39887049111,avjiiduuxsrxqzg@campus.fct.unl.pt,"avjiiduuxsrxqzg"
dtqaugglxgxehrt,426010489116,dtqaugglxgxehrt@campus.fct.unl.pt,"dtqaugglxgxehrt"
aynzevweruyveng,5939697394,aynzevweruyveng@campus.fct.unl.pt,"aynzevweruyveng"
ldlcocwgfdykpvu,10672666858,ldlcocwgfdykpvu@campus.fct.unl.pt,"ldlcocwgfdykpvu"
uocaybcdodgfgfg,78123728044,uocaybcdodgfgfg@campus.fct.unl.pt,"uocaybcdodgfgfg"
zcexcivlvtippvi,7346115105115,zcexcivlvtippvi@campus.fct.unl.pt,"zcexcivlvtippvi"
amfzmvdvgxpkupx,82106669576,amfzmvdvgxpkupx@campus.fct.unl.pt,"amfzmvdvgxpkupx"
tyhuzzpiobaswib,40111866179,tyhuzzpiobaswib@campus.fct.unl.pt,"tyhuzzpiobaswib"
uyzybowapnkugyr,4487964093,uyzybowapnkugyr@campus.fct.unl.pt,"uyzybowapnkugyr"
mcacrwgzeqcrvoz,405612510090,mcacrwgzeqcrvoz@campus.fct.unl.pt,"mcacrwgzeqcrvoz"
vxcinywofyognvy,5512310210085,vxcinywofyognvy@campus.fct.unl.pt,"vxcinywofyognvy"
pllaoisylotakwl,3858336588,pllaoisylotakwl@campus.fct.unl.pt,"pllaoisylotakwl"
kbsqjbfjprgthnv,90961196181,kbsqjbfjprgthnv@campus.fct.unl.pt,"kbsqjbfjprgthnv"
rmlkaheecpmhbja,6891846479,rmlkaheecpmhbja@campus.fct.unl.pt,"rmlkaheecpmhbja"
thlboxftdmedspe,341011113746,thlboxftdmedspe@campus.fct.unl.pt,"thlboxftdmedspe"
asmukhjzmkewpme,126884543109,asmukhjzmkewpme@campus.fct.unl.pt,"asmukhjzmkewpme"
cllrwlsrualuczp,95716161109,cllrwlsrualuczp@campus.fct.unl.pt,"cllrwlsrualuczp"
rfnveucjhtwublt,57558074101,rfnveucjhtwublt@campus.fct.unl.pt,"rfnveucjhtwublt"
fxcoxwoccpxnspy,50105677291,fxcoxwoccpxnspy@campus.fct.unl.pt,"fxcoxwoccpxnspy"
aundzsmnpsvarcl,111424256114,aundzsmnpsvarcl@campus.fct.unl.pt,"aundzsmnpsvarcl"
gkrthuhnhyoteyv,121765759103,gkrthuhnhyoteyv@campus.fct.unl.pt,"gkrthuhnhyoteyv"
rxzitijaricknzr,6798578274,rxzitijaricknzr@campus.fct.unl.pt,"rxzitijaricknzr"
zecuolucatchhca,126949052114,zecuolucatchhca@campus.fct.unl.pt,"zecuolucatchhca"
edgnwkjcqgehykb,97839160120,edgnwkjcqgehykb@campus.fct.unl.pt,"edgnwkjcqgehykb"
ahhsqrfzgxkwush,351105311834,ahhsqrfzgxkwush@campus.fct.unl.pt,"ahhsqrfzgxkwush"
rvygknmzdxcezjt,73937710252,rvygknmzdxcezjt@campus.fct.unl.pt,"rvygknmzdxcezjt"
vmsskrztjtrcnyw,5697345059,vmsskrztjtrcnyw@campus.fct.unl.pt,"vmsskrztjtrcnyw"
uxeirudwjbzonrg,116958011348,uxeirudwjbzonrg@campus.fct.unl.pt,"uxeirudwjbzonrg"
zhgabgmltrecefa,4680967588,zhgabgmltrecefa@campus.fct.unl.pt,"zhgabgmltrecefa"
pozzsaqskyhpzlk,3378637694,pozzsaqskyhpzlk@campus.fct.unl.pt,"pozzsaqskyhpzlk"
cjejmldmuyfrzje,77748680119,cjejmldmuyfrzje@campus.fct.unl.pt,"cjejmldmuyfrzje"
hpqdpzffykpwmyq,11210810910751,hpqdpzffykpwmyq@campus.fct.unl.pt,"hpqdpzffykpwmyq"
oiwseupuwgzqwpb,99761175356,oiwseupuwgzqwpb@campus.fct.unl.pt,"oiwseupuwgzqwpb"
maxijoxpeeqxlsx,3635739852,maxijoxpeeqxlsx@campus.fct.unl.pt,"maxijoxpeeqxlsx"
qmvqtubsqorcjze,461069592119,qmvqtubsqorcjze@campus.fct.unl.pt,"qmvqtubsqorcjze"
amhhzgdmdyzgikf,100105745545,amhhzgdmdyzgikf@campus.fct.unl.pt,"amhhzgdmdyzgikf"
mglognvbgbyfqlo,64110508995,mglognvbgbyfqlo@campus.fct.unl.pt,"mglognvbgbyfqlo"
lnlwfpqmmxxhldo,112886438104,lnlwfpqmmxxhldo@campus.fct.unl.pt,"lnlwfpqmmxxhldo"
wapxiqwoheykspf,10639943744,wapxiqwoheykspf@campus.fct.unl.pt,"wapxiqwoheykspf"
nfdmuzipqrvbeiy,858312480100,nfdmuzipqrvbeiy@campus.fct.unl.pt,"nfdmuzipqrvbeiy"
avawikrxwtfoxau,656111210336,avawikrxwtfoxau@campus.fct.unl.pt,"avawikrxwtfoxau"
sbkzyhegohnrrvi,125669212281,sbkzyhegohnrrvi@campus.fct.unl.pt,"sbkzyhegohnrrvi"
mkyxrpmyaairojk,8234814964,mkyxrpmyaairojk@campus.fct.unl.pt,"mkyxrpmyaairojk"
ocmxtrfyjngttgv,8063495580,ocmxtrfyjngttgv@campus.fct.unl.pt,"ocmxtrfyjngttgv"
cereforjcmaxnhd,93106484951,cereforjcmaxnhd@campus.fct.unl.pt,"cereforjcmaxnhd"
fyvralynlnlotdj,1115984120114,fyvralynlnlotdj@campus.fct.unl.pt,"fyvralynlnlotdj"
xtwjtiaufjkhgmx,35751229984,xtwjtiaufjkhgmx@campus.fct.unl.pt,"xtwjtiaufjkhgmx"
qyzweaoechijffx,7575699076,qyzweaoechijffx@campus.fct.unl.pt,"qyzweaoechijffx"
ysvdzrlerjslrcx,63123363870,ysvdzrlerjslrcx@campus.fct.unl.pt,"ysvdzrlerjslrcx"
xntlcjjycotmgay,893310310458,xntlcjjycotmgay@campus.fct.unl.pt,"xntlcjjycotmgay"
izcovimqywnlkbx,8187465479,izcovimqywnlkbx@campus.fct.unl.pt,"izcovimqywnlkbx"
gkxdgqzmeabqfss,3512010612461,gkxdgqzmeabqfss@campus.fct.unl.pt,"gkxdgqzmeabqfss"
arypmetdhifqaoy,122406839119,arypmetdhifqaoy@campus.fct.unl.pt,"arypmetdhifqaoy"
yjpnfymjquxlryp,801107612535,yjpnfymjquxlryp@campus.fct.unl.pt,"yjpnfymjquxlryp"
mnqvdhijsgwzhij,86891264046,mnqvdhijsgwzhij@campus.fct.unl.pt,"mnqvdhijsgwzhij"
xyzsqpkythnqotu,10412511512288,xyzsqpkythnqotu@campus.fct.unl.pt,"xyzsqpkythnqotu"
qkinbbtunuoizbp,3611265122112,qkinbbtunuoizbp@campus.fct.unl.pt,"qkinbbtunuoizbp"
adgrxyaqodawhkd,8867365989,adgrxyaqodawhkd@campus.fct.unl.pt,"adgrxyaqodawhkd"
vyriekcbybmofkp,388510274125,vyriekcbybmofkp@campus.fct.unl.pt,"vyriekcbybmofkp"
obbnbmvxrmmkqgt,1153810810635,obbnbmvxrmmkqgt@campus.fct.unl.pt,"obbnbmvxrmmkqgt"
wjgqlfmpnxsfltu,91887851120,wjgqlfmpnxsfltu@campus.fct.unl.pt,"wjgqlfmpnxsfltu"
ssnpdyqaeliaqvd,57831097843,ssnpdyqaeliaqvd@campus.fct.unl.pt,"ssnpdyqaeliaqvd"
fclfpdbgkjfxxzl,1131056499119,fclfpdbgkjfxxzl@campus.fct.unl.pt,"fclfpdbgkjfxxzl"
tqstdjjyjduqwdf,71818812083,tqstdjjyjduqwdf@campus.fct.unl.pt,"tqstdjjyjduqwdf"
atvaavguyjiixzz,39751255466,atvaavguyjiixzz@campus.fct.unl.pt,"atvaavguyjiixzz"
sutumjptplxkykz,12511210184111,sutumjptplxkykz@campus.fct.unl.pt,"sutumjptplxkykz"
jdpbvdatxwmwgru,41776037110,jdpbvdatxwmwgru@campus.fct.unl.pt,"jdpbvdatxwmwgru"
rezybstbgpkodup,568811039111,rezybstbgpkodup@campus.fct.unl.pt,"rezybstbgpkodup"
zhnlilxmnsxjzmq,64103477577,zhnlilxmnsxjzmq@campus.fct.unl.pt,"zhnlilxmnsxjzmq"
zfiupyhzqfxdqur,119126115113102,zfiupyhzqfxdqur@campus.fct.unl.pt,"zfiupyhzqfxdqur"
ozthbzavnnxnsqd,481036611284,ozthbzavnnxnsqd@campus.fct.unl.pt,"ozthbzavnnxnsqd"
wjyowhpbqglzmch,10937627399,wjyowhpbqglzmch@campus.fct.unl.pt,"wjyowhpbqglzmch"
ewcljjxnuuyxvdh,8258658663,ewcljjxnuuyxvdh@campus.fct.unl.pt,"ewcljjxnuuyxvdh"
pnuovfqjythelfr,125485364106,pnuovfqjythelfr@campus.fct.unl.pt,"pnuovfqjythelfr"
ieuaillbdbuusbd,6994975633,ieuaillbdbuusbd@campus.fct.unl.pt,"ieuaillbdbuusbd"
bnfdbjdbbaannym,9061765070,bnfdbjdbbaannym@campus.fct.unl.pt,"bnfdbjdbbaannym"
dejwrjgzvglscix,771023483122,dejwrjgzvglscix@campus.fct.unl.pt,"dejwrjgzvglscix"
kfgsrlurcdztsif,72103894755,kfgsrlurcdztsif@campus.fct.unl.pt,"kfgsrlurcdztsif"
blfrwwfigkyfnfw,6274818791,blfrwwfigkyfnfw@campus.fct.unl.pt,"blfrwwfigkyfnfw"
grjqohuvuzwkcmg,12034807264,grjqohuvuzwkcmg@campus.fct.unl.pt,"grjqohuvuzwkcmg"
pyyeehisgxauger,67911178975,pyyeehisgxauger@campus.fct.unl.pt,"pyyeehisgxauger"
cjbkidrkgjxliaw,86906040105,cjbkidrkgjxliaw@campus.fct.unl.pt,"cjbkidrkgjxliaw"
shpsiceerckrgvz,1196549115119,shpsiceerckrgvz@campus.fct.unl.pt,"shpsiceerckrgvz"
xpoceyneoyuynwk,5410564117104,xpoceyneoyuynwk@campus.fct.unl.pt,"xpoceyneoyuynwk"
riwqbrfsfdjbpdc,119122624389,riwqbrfsfdjbpdc@campus.fct.unl.pt,"riwqbrfsfdjbpdc"
gfsswksodseatbh,57104554486,gfsswksodseatbh@campus.fct.unl.pt,"gfsswksodseatbh"
nktuhiqlofbygdj,118117855236,nktuhiqlofbygdj@campus.fct.unl.pt,"nktuhiqlofbygdj"
xuaeyaxfjeuukov,1127311512679,xuaeyaxfjeuukov@campus.fct.unl.pt,"xuaeyaxfjeuukov"
tsxvghuhjtbexeq,121506011761,tsxvghuhjtbexeq@campus.fct.unl.pt,"tsxvghuhjtbexeq"
odanabrzoqxetwm,85541056565,odanabrzoqxetwm@campus.fct.unl.pt,"odanabrzoqxetwm"
bldzohlvupzlila,3539454284,bldzohlvupzlila@campus.fct.unl.pt,"bldzohlvupzlila"
qobmoqjulezgmrh,111109898168,qobmoqjulezgmrh@campus.fct.unl.pt,"qobmoqjulezgmrh"
meqscvhtkosiufk,101353851126,meqscvhtkosiufk@campus.fct.unl.pt,"meqscvhtkosiufk"
wjkplqylvrkfkgo,538088123117,wjkplqylvrkfkgo@campus.fct.unl.pt,"wjkplqylvrkfkgo"
nrlypjrjhbahzpo,3679508744,nrlypjrjhbahzpo@campus.fct.unl.pt,"nrlypjrjhbahzpo"
zqnlgdommglwhkl,48119999341,zqnlgdommglwhkl@campus.fct.unl.pt,"zqnlgdommglwhkl"
dkatlxmisbzfher,331243610183,dkatlxmisbzfher@campus.fct.unl.pt,"dkatlxmisbzfher"
ttlmagsxkzbqrlh,88723412098,ttlmagsxkzbqrlh@campus.fct.unl.pt,"ttlmagsxkzbqrlh"
qvlrcullxlbhooy,109649212269,qvlrcullxlbhooy@campus.fct.unl.pt,"qvlrcullxlbhooy"
goelnfzycpbyroz,6770349346,goelnfzycpbyroz@campus.fct.unl.pt,"goelnfzycpbyroz"
yyscrlqmlymcgrt,43721225372,yyscrlqmlymcgrt@campus.fct.unl.pt,"yyscrlqmlymcgrt"
nyvxzrifonsdgjf,74697811678,nyvxzrifonsdgjf@campus.fct.unl.pt,"nyvxzrifonsdgjf"
ojbeubiwtiqszxu,5510410511461,ojbeubiwtiqszxu@campus.fct.unl.pt,"ojbeubiwtiqszxu"
ahryndcmteblgnf,3480468066,ahryndcmteblgnf@campus.fct.unl.pt,"ahryndcmteblgnf"
iwszxjqkyfcjmcs,7534114117119,iwszxjqkyfcjmcs@campus.fct.unl.pt,"iwszxjqkyfcjmcs"
etamtdduxazmygg,511118290121,etamtdduxazmygg@campus.fct.unl.pt,"etamtdduxazmygg"
fzmjkqpbdafztvb,653410941103,fzmjkqpbdafztvb@campus.fct.unl.pt,"fzmjkqpbdafztvb"
niqfaabgaqcmeni,12212112189120,niqfaabgaqcmeni@campus.fct.unl.pt,"niqfaabgaqcmeni"
xfzfhlmeoirfbkd,991096510557,xfzfhlmeoirfbkd@campus.fct.unl.pt,"xfzfhlmeoirfbkd"
pqcqjqvwpilhrsq,4143989482,pqcqjqvwpilhrsq@campus.fct.unl.pt,"pqcqjqvwpilhrsq"
kztallutvoypqiq,78691203583,kztallutvoypqiq@campus.fct.unl.pt,"kztallutvoypqiq"
mcyqptzwkursfln,7746746747,mcyqptzwkursfln@campus.fct.unl.pt,"mcyqptzwkursfln"
zqhnhujjrmqmnxz,468711238120,zqhnhujjrmqmnxz@campus.fct.unl.pt,"zqhnhujjrmqmnxz"
bnkguxibkwxpvbj,3752994891,bnkguxibkwxpvbj@campus.fct.unl.pt,"bnkguxibkwxpvbj"
shclljrxtaaweaj,985712611797,shclljrxtaaweaj@campus.fct.unl.pt,"shclljrxtaaweaj"
gizlrinhdxvufpd,4260884098,gizlrinhdxvufpd@campus.fct.unl.pt,"gizlrinhdxvufpd"
vldsjcqkgnpbtmz,1151049411553,vldsjcqkgnpbtmz@campus.fct.unl.pt,"vldsjcqkgnpbtmz"
intlcvoxkqhhoxc,8680787048,intlcvoxkqhhoxc@campus.fct.unl.pt,"intlcvoxkqhhoxc"
wssxseeenqzeuhb,64107437088,wssxseeenqzeuhb@campus.fct.unl.pt,"wssxseeenqzeuhb"
ltyboviqpeoihuk,111471078371,ltyboviqpeoihuk@campus.fct.unl.pt,"ltyboviqpeoihuk"
pvsnpjlxxzeqjds,405212669110,pvsnpjlxxzeqjds@campus.fct.unl.pt,"pvsnpjlxxzeqjds"
iujhllzhzxyqlaw,77738010787,iujhllzhzxyqlaw@campus.fct.unl.pt,"iujhllzhzxyqlaw"
pkvongpdwwvllkj,97829911899,pkvongpdwwvllkj@campus.fct.unl.pt,"pkvongpdwwvllkj"
zrcpbnkwfekxzwx,541154910066,zrcpbnkwfekxzwx@campus.fct.unl.pt,"zrcpbnkwfekxzwx"
ocqffewfwwzjxto,80824161117,ocqffewfwwzjxto@campus.fct.unl.pt,"ocqffewfwwzjxto"
ikyqncxswpaovnj,5874976252,ikyqncxswpaovnj@campus.fct.unl.pt,"ikyqncxswpaovnj"
pgvbudlstwzklls,50121385942,pgvbudlstwzklls@campus.fct.unl.pt,"pgvbudlstwzklls"
cozfgpnucpxcruj,76123834437,cozfgpnucpxcruj@campus.fct.unl.pt,"cozfgpnucpxcruj"
zdyplqhqatwtuhd,5744848742,zdyplqhqatwtuhd@campus.fct.unl.pt,"zdyplqhqatwtuhd"
oaiwgzvxamkxgpb,80579611675,oaiwgzvxamkxgpb@campus.fct.unl.pt,"oaiwgzvxamkxgpb"
qygbvkkaakphvbi,10312510111770,qygbvkkaakphvbi@campus.fct.unl.pt,"qygbvkkaakphvbi"
kqjsqvamhalvxiv,11470855087,kqjsqvamhalvxiv@campus.fct.unl.pt,"kqjsqvamhalvxiv"
tsoxobsnnajqxkc,7010812086121,tsoxobsnnajqxkc@campus.fct.unl.pt,"tsoxobsnnajqxkc"
qgvlrqzybddbfyd,1234710152124,qgvlrqzybddbfyd@campus.fct.unl.pt,"qgvlrqzybddbfyd"
vtrfunabeyqdhfq,5637998251,vtrfunabeyqdhfq@campus.fct.unl.pt,"vtrfunabeyqdhfq"
bzmtvvmvxloccfi,7381747454,bzmtvvmvxloccfi@campus.fct.unl.pt,"bzmtvvmvxloccfi"
picvuzxhwtsgzed,42585212346,picvuzxhwtsgzed@campus.fct.unl.pt,"picvuzxhwtsgzed"
gksftlftafxkgrq,8212669125100,gksftlftafxkgrq@campus.fct.unl.pt,"gksftlftafxkgrq"
nsabemdpbwcdhib,108122434978,nsabemdpbwcdhib@campus.fct.unl.pt,"nsabemdpbwcdhib"
ctdhsurvygfahwv,7053498359,ctdhsurvygfahwv@campus.fct.unl.pt,"ctdhsurvygfahwv"
vpfzezqtcvpbhdv,67904944109,vpfzezqtcvpbhdv@campus.fct.unl.pt,"vpfzezqtcvpbhdv"
molqzmiupjmblad,4281478938,molqzmiupjmblad@campus.fct.unl.pt,"molqzmiupjmblad"
echgwtgvaxyibid,7553954395,echgwtgvaxyibid@campus.fct.unl.pt,"echgwtgvaxyibid"
gsfqcgkxbpnlpgy,57587510767,gsfqcgkxbpnlpgy@campus.fct.unl.pt,"gsfqcgkxbpnlpgy"
yoddjergguydysc,561046195121,yoddjergguydysc@campus.fct.unl.pt,"yoddjergguydysc"
fnllwztziicueeo,11143614984,fnllwztziicueeo@campus.fct.unl.pt,"fnllwztziicueeo"
pumgeuyhxmljmou,62461225549,pumgeuyhxmljmou@campus.fct.unl.pt,"pumgeuyhxmljmou"
yywnidjbcllgkro,1057939109125,yywnidjbcllgkro@campus.fct.unl.pt,"yywnidjbcllgkro"
eadqhrybxbtejdt,389711712278,eadqhrybxbtejdt@campus.fct.unl.pt,"eadqhrybxbtejdt"
rwerigsxjkxtfio,11957489688,rwerigsxjkxtfio@campus.fct.unl.pt,"rwerigsxjkxtfio"
pzszphobcenpqxy,6412611410833,pzszphobcenpqxy@campus.fct.unl.pt,"pzszphobcenpqxy"
wkowqpvtsfubodv,643310112254,wkowqpvtsfubodv@campus.fct.unl.pt,"wkowqpvtsfubodv"
xlsfxwaqvczjqve,68115548996,xlsfxwaqvczjqve@campus.fct.unl.pt,"xlsfxwaqvczjqve"
sqqlfymantqizoh,4234344550,sqqlfymantqizoh@campus.fct.unl.pt,"sqqlfymantqizoh"
ztbpdwdrlcxbmpa,11359397753,ztbpdwdrlcxbmpa@campus.fct.unl.pt,"ztbpdwdrlcxbmpa"
qzfriixskxwoktz,754512512287,qzfriixskxwoktz@campus.fct.unl.pt,"qzfriixskxwoktz"
zikzjntokvqwtpy,986940104120,zikzjntokvqwtpy@campus.fct.unl.pt,"zikzjntokvqwtpy"
oehksddzimlncny,1161129190126,oehksddzimlncny@campus.fct.unl.pt,"oehksddzimlncny"
ombeshwxqeabrxb,1136410949120,ombeshwxqeabrxb@campus.fct.unl.pt,"ombeshwxqeabrxb"
smdmwndfpyzmuyf,1131071056935,smdmwndfpyzmuyf@campus.fct.unl.pt,"smdmwndfpyzmuyf"
fyzcpakaeojbauz,1121231239140,fyzcpakaeojbauz@campus.fct.unl.pt,"fyzcpakaeojbauz"
cxoruldwmohbixf,406010610033,cxoruldwmohbixf@campus.fct.unl.pt,"cxoruldwmohbixf"
iuuifrxtyognkto,605211012589,iuuifrxtyognkto@campus.fct.unl.pt,"iuuifrxtyognkto"
jorffutvbniuilx,3968359276,jorffutvbniuilx@campus.fct.unl.pt,"jorffutvbniuilx"
djshsqwemstzvup,33511109448,djshsqwemstzvup@campus.fct.unl.pt,"djshsqwemstzvup"
yvwzvryajjgojdh,74112876454,yvwzvryajjgojdh@campus.fct.unl.pt,"yvwzvryajjgojdh"
pbhnifggljgmmez,9977847883,pbhnifggljgmmez@campus.fct.unl.pt,"pbhnifggljgmmez"
bvquwhqmlpwaomc,43763687112,bvquwhqmlpwaomc@campus.fct.unl.pt,"bvquwhqmlpwaomc"
szkfvbnjkvebpnm,5961986180,szkfvbnjkvebpnm@campus.fct.unl.pt,"szkfvbnjkvebpnm"
xkuvpcykjnnhkao,66699310461,xkuvpcykjnnhkao@campus.fct.unl.pt,"xkuvpcykjnnhkao"
zbpujshpguefkpb,57899782101,zbpujshpguefkpb@campus.fct.unl.pt,"zbpujshpguefkpb"
tvpqbpuvjsigzve,49356448112,tvpqbpuvjsigzve@campus.fct.unl.pt,"tvpqbpuvjsigzve"
eotermftnlqpbxu,501229211782,eotermftnlqpbxu@campus.fct.unl.pt,"eotermftnlqpbxu"
enhtbmbjazrkizx,69768770108,enhtbmbjazrkizx@campus.fct.unl.pt,"enhtbmbjazrkizx"
kxflnxsvhbkoecv,5695388948,kxflnxsvhbkoecv@campus.fct.unl.pt,"kxflnxsvhbkoecv"
fgvjmwngwgdjcic,819910652121,fgvjmwngwgdjcic@campus.fct.unl.pt,"fgvjmwngwgdjcic"
btwdtlhivkfleer,471245311893,btwdtlhivkfleer@campus.fct.unl.pt,"btwdtlhivkfleer"
ktsejwyppyalsnj,76103987760,ktsejwyppyalsnj@campus.fct.unl.pt,"ktsejwyppyalsnj"
svqennhtixprqpd,126106998053,svqennhtixprqpd@campus.fct.unl.pt,"svqennhtixprqpd"
orzvdkyntivwole,35336672126,orzvdkyntivwole@campus.fct.unl.pt,"orzvdkyntivwole"
dtdjeuymuigstji,8444494199,dtdjeuymuigstji@campus.fct.unl.pt,"dtdjeuymuigstji"
yrzevsectockdam,72439892118,yrzevsectockdam@campus.fct.unl.pt,"yrzevsectockdam"
sayhdvnqtsepikj,751101164243,sayhdvnqtsepikj@campus.fct.unl.pt,"sayhdvnqtsepikj"
nhozwzyuumchapn,1009012111061,nhozwzyuumchapn@campus.fct.unl.pt,"nhozwzyuumchapn"
bmsfikitahtalsh,11092125114124,bmsfikitahtalsh@campus.fct.unl.pt,"bmsfikitahtalsh"
tpnmtffehgxwpno,1108788124117,tpnmtffehgxwpno@campus.fct.unl.pt,"tpnmtffehgxwpno"
cezfzltqdmnfgsh,89121436652,cezfzltqdmnfgsh@campus.fct.unl.pt,"cezfzltqdmnfgsh"
wgtuyishstybmsa,646511334100,wgtuyishstybmsa@campus.fct.unl.pt,"wgtuyishstybmsa"
hljtukhfumbgnkd,76423974101,hljtukhfumbgnkd@campus.fct.unl.pt,"hljtukhfumbgnkd"
jlqslvuijgsppms,381046912351,jlqslvuijgsppms@campus.fct.unl.pt,"jlqslvuijgsppms"
ovfybvvmfsfqdxx,431264110234,ovfybvvmfsfqdxx@campus.fct.unl.pt,"ovfybvvmfsfqdxx"
lhtymxmogkxksgk,8155453436,lhtymxmogkxksgk@campus.fct.unl.pt,"lhtymxmogkxksgk"
mloffozgruxubgc,87601154975,mloffozgruxubgc@campus.fct.unl.pt,"mloffozgruxubgc"
sxdishycfewfsur,491236510233,sxdishycfewfsur@campus.fct.unl.pt,"sxdishycfewfsur"
lxapodojoisgbkb,711129099105,lxapodojoisgbkb@campus.fct.unl.pt,"lxapodojoisgbkb"
hmgzojrzvqfygve,10511011734125,hmgzojrzvqfygve@campus.fct.unl.pt,"hmgzojrzvqfygve"
zkezlvwmjmmhrop,49645483123,zkezlvwmjmmhrop@campus.fct.unl.pt,"zkezlvwmjmmhrop"
qhfzvoljkcysbmv,53427359111,qhfzvoljkcysbmv@campus.fct.unl.pt,"qhfzvoljkcysbmv"
mrudkezqkaaldad,4088994666,mrudkezqkaaldad@campus.fct.unl.pt,"mrudkezqkaaldad"
cpegoivweskqixy,98122619694,cpegoivweskqixy@campus.fct.unl.pt,"cpegoivweskqixy"
mvsiiwvsqejqxwx,7888847383,mvsiiwvsqejqxwx@campus.fct.unl.pt,"mvsiiwvsqejqxwx"
ytjawehfjywgbhq,12697909671,ytjawehfjywgbhq@campus.fct.unl.pt,"ytjawehfjywgbhq"
ymbamssltytwwnb,89718710892,ymbamssltytwwnb@campus.fct.unl.pt,"ymbamssltytwwnb"
pwzoogeooarvunj,4852784665,pwzoogeooarvunj@campus.fct.unl.pt,"pwzoogeooarvunj"
fuvqbgxnvijavew,65335636103,fuvqbgxnvijavew@campus.fct.unl.pt,"fuvqbgxnvijavew"
tihubpnqbzsakti,12292878453,tihubpnqbzsakti@campus.fct.unl.pt,"tihubpnqbzsakti"
jpdhgajqjgqxfce,565068112108,jpdhgajqjgqxfce@campus.fct.unl.pt,"jpdhgajqjgqxfce"
vbincjezojgeqmx,39110984996,vbincjezojgeqmx@campus.fct.unl.pt,"vbincjezojgeqmx"
ohbzjenbhyyaozc,8410862122115,ohbzjenbhyyaozc@campus.fct.unl.pt,"ohbzjenbhyyaozc"
oidfwnejtkhiuty,1039412311790,oidfwnejtkhiuty@campus.fct.unl.pt,"oidfwnejtkhiuty"
etbtyijngagrrtt,8088574333,etbtyijngagrrtt@campus.fct.unl.pt,"etbtyijngagrrtt"
lrrplbwrmsngmdt,5442503699,lrrplbwrmsngmdt@campus.fct.unl.pt,"lrrplbwrmsngmdt"
rwoyiddimmdvjph,108773711957,rwoyiddimmdvjph@campus.fct.unl.pt,"rwoyiddimmdvjph"
bgbyesnwdwccsei,72119625444,bgbyesnwdwccsei@campus.fct.unl.pt,"bgbyesnwdwccsei"
hzsczektuuhpknm,586749117115,hzsczektuuhpknm@campus.fct.unl.pt,"hzsczektuuhpknm"
